date,event_id,event_type,alert_level,is_current,title,description,source,source_url
2026-06-28,FL1103920,FL,Green,true,Green flood alert in Türkiye,"On 28/06/2026, a flood started in Türkiye, lasting until 30/06/2026 (last update). The flood caused 0 deaths and 0 displaced .",GDACS,https://www.gdacs.org/report.aspx?eventtype=FL&eventid=1103920
2026-06-20,EQ1547584,EQ,Green,true,"Green earthquake (Magnitude 5.5M, Depth:10km) in St. Helena 20/06/2026 06:43 UTC, Few people affected in MMI III.","On 6/20/2026 6:43:17 AM, an earthquake occurred in St. Helena potentially affecting Few people affected in MMI III. The earthquake had Magnitude 5.5M, Depth:10km.",GDACS,https://www.gdacs.org/report.aspx?eventtype=EQ&eventid=1547584
2026-06-20,EQ1547571,EQ,Green,true,"Green earthquake (Magnitude 5.8M, Depth:35km) in Russia 20/06/2026 03:49 UTC, 250 thousand in MMI>=III.","On 6/20/2026 3:49:06 AM, an earthquake occurred in Russia potentially affecting 250 thousand in MMI>=III. The earthquake had Magnitude 5.8M, Depth:35km.",GDACS,https://www.gdacs.org/report.aspx?eventtype=EQ&eventid=1547571
2026-06-20,EQ1547547,EQ,Green,true,"Green earthquake (Magnitude 5.7M, Depth:10km) in West Of Macquarie Island 20/06/2026 01:46 UTC, [unknown].","On 6/20/2026 1:46:32 AM, an earthquake occurred in West Of Macquarie Island potentially affecting [unknown]. The earthquake had Magnitude 5.7M, Depth:10km.",GDACS,https://www.gdacs.org/report.aspx?eventtype=EQ&eventid=1547547
2026-06-20,WF1029002,WF,Green,true,Green forest fire notification in United States,"On 20/06/2026, a forest fire started in United States,  until 20/06/2026.",GDACS,https://www.gdacs.org/report.aspx?eventtype=WF&eventid=1029002
2026-06-19,EQ1547403,EQ,Green,true,"Green earthquake (Magnitude 5.8M, Depth:10km) in Russia 19/06/2026 07:52 UTC, 240 thousand in MMI>=III.","On 6/19/2026 7:52:57 AM, an earthquake occurred in Russia potentially affecting 240 thousand in MMI>=III. The earthquake had Magnitude 5.8M, Depth:10km.",GDACS,https://www.gdacs.org/report.aspx?eventtype=EQ&eventid=1547403
2026-06-19,EQ1547396,EQ,Green,true,"Green earthquake (Magnitude 6.6M, Depth:10km) in Russia 19/06/2026 06:52 UTC, Few people affected in MMI>=V.","On 6/19/2026 6:52:34 AM, an earthquake occurred in Russia potentially affecting Few people affected in MMI>=V. The earthquake had Magnitude 6.6M, Depth:10km.",GDACS,https://www.gdacs.org/report.aspx?eventtype=EQ&eventid=1547396
2026-06-19,EQ1547395,EQ,Green,true,"Green earthquake (Magnitude 6M, Depth:28.383km) in Russia 19/06/2026 06:51 UTC, 8 thousand in MMI IV.","On 6/19/2026 6:51:31 AM, an earthquake occurred in Russia potentially affecting 8 thousand in MMI IV. The earthquake had Magnitude 6M, Depth:28.383km.",GDACS,https://www.gdacs.org/report.aspx?eventtype=EQ&eventid=1547395
2026-06-19,FL1103954,FL,Green,true,Green flood alert in Ghana,"On 19/06/2026, a flood started in Ghana, lasting until 21/06/2026 (last update). The flood caused 0 deaths and 0 displaced .",GDACS,https://www.gdacs.org/report.aspx?eventtype=FL&eventid=1103954
2026-06-19,FL1103957,FL,Green,true,Green flood alert in Austria,"On 19/06/2026, a flood started in Austria, lasting until 21/06/2026 (last update). The flood caused 0 deaths and 0 displaced .",GDACS,https://www.gdacs.org/report.aspx?eventtype=FL&eventid=1103957
2026-06-19,FL1103958,FL,Green,true,Green flood alert in Germany,"On 19/06/2026, a flood started in Germany, lasting until 21/06/2026 (last update). The flood caused 0 deaths and 0 displaced .",GDACS,https://www.gdacs.org/report.aspx?eventtype=FL&eventid=1103958
2026-06-19,FL1103961,FL,Green,true,Green flood alert in South Korea,"On 19/06/2026, a flood started in South Korea, lasting until 21/06/2026 (last update). The flood caused 0 deaths and 0 displaced .",GDACS,https://www.gdacs.org/report.aspx?eventtype=FL&eventid=1103961
2026-06-18,TC1001277,TC,Green,true,Green notification for tropical cyclone MEKKHALA-26. Population affected by Category 1 (120 km/h) wind speeds or higher is 0  (0 in Tropical Storm).,"From 18/06/2026 to 21/06/2026, a Hurricane/Typhoon > 74 mph (maximum wind speed of 213 km/h) MEKKHALA-26 was active in NWPacific. The cyclone affects these countries: Japan (vulnerability Low). Estimated population affected by category 1 (120 km/h) wind speeds or higher is 0  (0 in tropical storm).",GDACS,https://www.gdacs.org/report.aspx?eventtype=TC&eventid=1001277
2026-06-18,FL1103951,FL,Green,true,Green flood alert in Peru,"On 18/06/2026, a flood started in Peru, lasting until 20/06/2026 (last update). The flood caused 0 deaths and 0 displaced .",GDACS,https://www.gdacs.org/report.aspx?eventtype=FL&eventid=1103951
2026-06-18,FL1103955,FL,Green,true,Green flood alert in Poland,"On 18/06/2026, a flood started in Poland, lasting until 20/06/2026 (last update). The flood caused 0 deaths and 0 displaced .",GDACS,https://www.gdacs.org/report.aspx?eventtype=FL&eventid=1103955
2026-06-18,FL1103956,FL,Green,true,Green flood alert in France,"On 18/06/2026, a flood started in France, lasting until 20/06/2026 (last update). The flood caused 0 deaths and 0 displaced .",GDACS,https://www.gdacs.org/report.aspx?eventtype=FL&eventid=1103956
2026-06-18,FL1103960,FL,Green,true,Green flood alert in Kyrgyzstan,"On 18/06/2026, a flood started in Kyrgyzstan, lasting until 20/06/2026 (last update). The flood caused 0 deaths and 0 displaced .",GDACS,https://www.gdacs.org/report.aspx?eventtype=FL&eventid=1103960
2026-06-18,WF1029003,WF,Green,true,Green forest fire notification in Australia,"On 18/06/2026, a forest fire started in Australia,  until 21/06/2026.",GDACS,https://www.gdacs.org/report.aspx?eventtype=WF&eventid=1029003
2026-06-18,WF1028989,WF,Green,true,Green forest fire notification in Namibia,"On 18/06/2026, a forest fire started in Namibia,  until 20/06/2026.",GDACS,https://www.gdacs.org/report.aspx?eventtype=WF&eventid=1028989
2026-06-18,WF1028982,WF,Green,true,Green forest fire notification in Zambia,"On 18/06/2026, a forest fire started in Zambia,  until 20/06/2026.",GDACS,https://www.gdacs.org/report.aspx?eventtype=WF&eventid=1028982
2026-06-18,WF1028983,WF,Green,true,Green forest fire notification in Australia,"On 18/06/2026, a forest fire started in Australia,  until 21/06/2026.",GDACS,https://www.gdacs.org/report.aspx?eventtype=WF&eventid=1028983
2026-06-17,EQ1547100,EQ,Green,true,"Green earthquake (Magnitude 6.6M, Depth:10km) in Central Mid-Atlantic Ridge 17/06/2026 18:56 UTC, [unknown].","On 6/17/2026 6:56:58 PM, an earthquake occurred in Central Mid-Atlantic Ridge potentially affecting [unknown]. The earthquake had Magnitude 6.6M, Depth:10km.",GDACS,https://www.gdacs.org/report.aspx?eventtype=EQ&eventid=1547100
2026-06-17,FL1103952,FL,Green,true,Green flood alert in Colombia,"On 17/06/2026, a flood started in Colombia, lasting until 19/06/2026 (last update). The flood caused 0 deaths and 0 displaced .",GDACS,https://www.gdacs.org/report.aspx?eventtype=FL&eventid=1103952
2026-06-17,FL1103953,FL,Green,true,Green flood alert in Pakistan,"On 17/06/2026, a flood started in Pakistan, lasting until 19/06/2026 (last update). The flood caused 5 deaths and 0 displaced .",GDACS,https://www.gdacs.org/report.aspx?eventtype=FL&eventid=1103953
2026-06-17,FL1103959,FL,Green,true,Green flood alert in Georgia,"On 17/06/2026, a flood started in Georgia, lasting until 19/06/2026 (last update). The flood caused 0 deaths and 0 displaced .",GDACS,https://www.gdacs.org/report.aspx?eventtype=FL&eventid=1103959
2026-06-17,WF1028984,WF,Green,true,Green forest fire notification in Australia,"On 17/06/2026, a forest fire started in Australia,  until 21/06/2026.",GDACS,https://www.gdacs.org/report.aspx?eventtype=WF&eventid=1028984
2026-06-17,WF1029004,WF,Green,true,Green forest fire notification in United States,"On 17/06/2026, a forest fire started in United States,  until 21/06/2026.",GDACS,https://www.gdacs.org/report.aspx?eventtype=WF&eventid=1029004
2026-06-17,WF1029005,WF,Green,true,Green forest fire notification in Australia,"On 17/06/2026, a forest fire started in Australia,  until 21/06/2026.",GDACS,https://www.gdacs.org/report.aspx?eventtype=WF&eventid=1029005
2026-06-17,WF1028990,WF,Green,true,Green forest fire notification in Ethiopia,"On 17/06/2026, a forest fire started in Ethiopia,  until 20/06/2026.",GDACS,https://www.gdacs.org/report.aspx?eventtype=WF&eventid=1028990
2026-06-17,WF1028991,WF,Green,true,Green forest fire notification in Angola,"On 17/06/2026, a forest fire started in Angola,  until 20/06/2026.",GDACS,https://www.gdacs.org/report.aspx?eventtype=WF&eventid=1028991
2026-06-16,TC1001276,TC,Green,true,Green notification for tropical cyclone ARTHUR-26. Population affected by Category 1 (120 km/h) wind speeds or higher is 0  (8.348 million in Tropical Storm).,"From 16/06/2026 to 18/06/2026, a Tropical Depression (maximum wind speed of 74 km/h) ARTHUR-26 was active in Atlantic. The cyclone affects these countries: United States (vulnerability Low). Estimated population affected by category 1 (120 km/h) wind speeds or higher is 0  (8.348 million in tropical storm).",GDACS,https://www.gdacs.org/report.aspx?eventtype=TC&eventid=1001276
2026-06-16,FL1103948,FL,Green,true,Green flood alert in Spain,"On 16/06/2026, a flood started in Spain, lasting until 19/06/2026 (last update). The flood caused 0 deaths and 0 displaced .",GDACS,https://www.gdacs.org/report.aspx?eventtype=FL&eventid=1103948
2026-06-16,WF1028958,WF,Green,true,Green forest fire notification in Botswana,"On 16/06/2026, a forest fire started in Botswana,  until 18/06/2026.",GDACS,https://www.gdacs.org/report.aspx?eventtype=WF&eventid=1028958
2026-06-16,WF1028992,WF,Green,true,Green forest fire notification in Ethiopia,"On 16/06/2026, a forest fire started in Ethiopia,  until 20/06/2026.",GDACS,https://www.gdacs.org/report.aspx?eventtype=WF&eventid=1028992
2026-06-16,WF1028985,WF,Green,true,Green forest fire notification in Russian Federation,"On 16/06/2026, a forest fire started in Russian Federation,  until 20/06/2026.",GDACS,https://www.gdacs.org/report.aspx?eventtype=WF&eventid=1028985
2026-06-16,WF1028975,WF,Green,true,Green forest fire notification in Australia,"On 16/06/2026, a forest fire started in Australia,  until 21/06/2026.",GDACS,https://www.gdacs.org/report.aspx?eventtype=WF&eventid=1028975
2026-06-15,FL1103950,FL,Green,true,Green flood alert in Indonesia,"On 15/06/2026, a flood started in Indonesia, lasting until 18/06/2026 (last update). The flood caused 0 deaths and 0 displaced .",GDACS,https://www.gdacs.org/report.aspx?eventtype=FL&eventid=1103950
2026-06-15,FL1103945,FL,Green,false,Green flood alert in Tunisia,"On 15/06/2026, a flood started in Tunisia, lasting until 17/06/2026 (last update). The flood caused 0 deaths and 0 displaced .",GDACS,https://www.gdacs.org/report.aspx?eventtype=FL&eventid=1103945
2026-06-15,FL1103946,FL,Green,false,Green flood alert in Bosnia & Herzegovina,"On 15/06/2026, a flood started in Bosnia & Herzegovina, lasting until 17/06/2026 (last update). The flood caused 0 deaths and 0 displaced .",GDACS,https://www.gdacs.org/report.aspx?eventtype=FL&eventid=1103946
2026-06-15,FL1103949,FL,Green,false,Green flood alert in Guatemala,"On 15/06/2026, a flood started in Guatemala, lasting until 17/06/2026 (last update). The flood caused 0 deaths and 0 displaced .",GDACS,https://www.gdacs.org/report.aspx?eventtype=FL&eventid=1103949
2026-06-15,WF1028945,WF,Green,true,Green forest fire notification in Russian Federation,"On 15/06/2026, a forest fire started in Russian Federation,  until 18/06/2026.",GDACS,https://www.gdacs.org/report.aspx?eventtype=WF&eventid=1028945
2026-06-15,WF1028925,WF,Green,true,Green forest fire notification in Australia,"On 15/06/2026, a forest fire started in Australia,  until 18/06/2026.",GDACS,https://www.gdacs.org/report.aspx?eventtype=WF&eventid=1028925
2026-06-15,WF1028962,WF,Green,true,Green forest fire notification in The Democratic Republic of Congo,"On 15/06/2026, a forest fire started in The Democratic Republic of Congo,  until 19/06/2026.",GDACS,https://www.gdacs.org/report.aspx?eventtype=WF&eventid=1028962
2026-06-15,WF1028986,WF,Green,true,Green forest fire notification in Russian Federation,"On 15/06/2026, a forest fire started in Russian Federation,  until 21/06/2026.",GDACS,https://www.gdacs.org/report.aspx?eventtype=WF&eventid=1028986
2026-06-15,WF1028987,WF,Green,true,Green forest fire notification in Russian Federation,"On 15/06/2026, a forest fire started in Russian Federation,  until 20/06/2026.",GDACS,https://www.gdacs.org/report.aspx?eventtype=WF&eventid=1028987
2026-06-15,WF1028966,WF,Green,true,Green forest fire notification in United States,"On 15/06/2026, a forest fire started in United States,  until 21/06/2026.",GDACS,https://www.gdacs.org/report.aspx?eventtype=WF&eventid=1028966
2026-06-14,FL1103944,FL,Green,false,Green flood alert in Mexico,"On 14/06/2026, a flood started in Mexico, lasting until 17/06/2026 (last update). The flood caused 3 deaths and 70 displaced .",GDACS,https://www.gdacs.org/report.aspx?eventtype=FL&eventid=1103944
2026-06-14,WF1028926,WF,Green,false,Green forest fire notification in Australia,"On 14/06/2026, a forest fire started in Australia,  until 17/06/2026.",GDACS,https://www.gdacs.org/report.aspx?eventtype=WF&eventid=1028926
2026-06-14,WF1028976,WF,Green,true,Green forest fire notification in Australia,"On 14/06/2026, a forest fire started in Australia,  until 20/06/2026.",GDACS,https://www.gdacs.org/report.aspx?eventtype=WF&eventid=1028976
2026-06-14,WF1028977,WF,Green,true,Green forest fire notification in Russian Federation,"On 14/06/2026, a forest fire started in Russian Federation,  until 21/06/2026.",GDACS,https://www.gdacs.org/report.aspx?eventtype=WF&eventid=1028977
2026-06-14,WF1029000,WF,Green,true,Green forest fire notification in Russian Federation,"On 14/06/2026, a forest fire started in Russian Federation,  until 20/06/2026.",GDACS,https://www.gdacs.org/report.aspx?eventtype=WF&eventid=1029000
2026-06-14,WF1028979,WF,Green,true,Green forest fire notification in The Democratic Republic of Congo,"On 14/06/2026, a forest fire started in The Democratic Republic of Congo,  until 20/06/2026.",GDACS,https://www.gdacs.org/report.aspx?eventtype=WF&eventid=1028979
2026-06-14,WF1028953,WF,Green,true,Green forest fire notification in Brazil,"On 14/06/2026, a forest fire started in Brazil,  until 20/06/2026.",GDACS,https://www.gdacs.org/report.aspx?eventtype=WF&eventid=1028953
2026-06-13,WF1028970,WF,Green,true,"Green forest fire notification in Ethiopia, Sudan","On 13/06/2026, a forest fire started in Ethiopia, Sudan,  until 21/06/2026.",GDACS,https://www.gdacs.org/report.aspx?eventtype=WF&eventid=1028970
2026-06-13,WF1028954,WF,Green,true,Green forest fire notification in Brazil,"On 13/06/2026, a forest fire started in Brazil,  until 20/06/2026.",GDACS,https://www.gdacs.org/report.aspx?eventtype=WF&eventid=1028954
2026-06-13,WF1028947,WF,Green,false,Green forest fire notification in The Democratic Republic of Congo,"On 13/06/2026, a forest fire started in The Democratic Republic of Congo,  until 17/06/2026.",GDACS,https://www.gdacs.org/report.aspx?eventtype=WF&eventid=1028947
2026-06-13,WF1028959,WF,Green,false,Green forest fire notification in Tanzania,"On 13/06/2026, a forest fire started in Tanzania,  until 17/06/2026.",GDACS,https://www.gdacs.org/report.aspx?eventtype=WF&eventid=1028959
2026-06-13,WF1028971,WF,Green,true,Green forest fire notification in Botswana,"On 13/06/2026, a forest fire started in Botswana,  until 19/06/2026.",GDACS,https://www.gdacs.org/report.aspx?eventtype=WF&eventid=1028971
2026-06-13,WF1028980,WF,Green,true,Green forest fire notification in The Democratic Republic of Congo,"On 13/06/2026, a forest fire started in The Democratic Republic of Congo,  until 19/06/2026.",GDACS,https://www.gdacs.org/report.aspx?eventtype=WF&eventid=1028980
2026-06-12,WF1028956,WF,Green,false,Green forest fire notification in Russian Federation,"On 12/06/2026, a forest fire started in Russian Federation,  until 17/06/2026.",GDACS,https://www.gdacs.org/report.aspx?eventtype=WF&eventid=1028956
2026-06-12,WF1028955,WF,Green,true,Green forest fire notification in Russian Federation,"On 12/06/2026, a forest fire started in Russian Federation,  until 20/06/2026.",GDACS,https://www.gdacs.org/report.aspx?eventtype=WF&eventid=1028955
2026-06-12,WF1028960,WF,Green,true,Green forest fire notification in Russian Federation,"On 12/06/2026, a forest fire started in Russian Federation,  until 20/06/2026.",GDACS,https://www.gdacs.org/report.aspx?eventtype=WF&eventid=1028960
2026-06-12,WF1028967,WF,Green,true,Green forest fire notification in Russian Federation,"On 12/06/2026, a forest fire started in Russian Federation,  until 21/06/2026.",GDACS,https://www.gdacs.org/report.aspx?eventtype=WF&eventid=1028967
2026-06-12,WF1028993,WF,Green,true,Green forest fire notification in Russian Federation,"On 12/06/2026, a forest fire started in Russian Federation,  until 20/06/2026.",GDACS,https://www.gdacs.org/report.aspx?eventtype=WF&eventid=1028993
2026-06-12,WF1028917,WF,Green,true,Green forest fire notification in Australia,"On 12/06/2026, a forest fire started in Australia,  until 20/06/2026.",GDACS,https://www.gdacs.org/report.aspx?eventtype=WF&eventid=1028917
2026-06-12,WF1028931,WF,Green,true,Green forest fire notification in The Democratic Republic of Congo,"On 12/06/2026, a forest fire started in The Democratic Republic of Congo,  until 20/06/2026.",GDACS,https://www.gdacs.org/report.aspx?eventtype=WF&eventid=1028931
2026-06-12,WF1028994,WF,Green,true,Green forest fire notification in The Democratic Republic of Congo,"On 12/06/2026, a forest fire started in The Democratic Republic of Congo,  until 20/06/2026.",GDACS,https://www.gdacs.org/report.aspx?eventtype=WF&eventid=1028994
2026-06-12,WF1028963,WF,Green,true,Green forest fire notification in The Democratic Republic of Congo,"On 12/06/2026, a forest fire started in The Democratic Republic of Congo,  until 20/06/2026.",GDACS,https://www.gdacs.org/report.aspx?eventtype=WF&eventid=1028963
2026-06-12,WF1029001,WF,Green,true,Green forest fire notification in The Democratic Republic of Congo,"On 12/06/2026, a forest fire started in The Democratic Republic of Congo,  until 20/06/2026.",GDACS,https://www.gdacs.org/report.aspx?eventtype=WF&eventid=1029001
2026-06-12,WF1028905,WF,Green,true,Green forest fire notification in Australia,"On 12/06/2026, a forest fire started in Australia,  until 21/06/2026.",GDACS,https://www.gdacs.org/report.aspx?eventtype=WF&eventid=1028905
2026-06-11,WF1028942,WF,Green,true,Green forest fire notification in Australia,"On 11/06/2026, a forest fire started in Australia,  until 21/06/2026.",GDACS,https://www.gdacs.org/report.aspx?eventtype=WF&eventid=1028942
2026-06-11,WF1028944,WF,Green,true,Green forest fire notification in Russian Federation,"On 11/06/2026, a forest fire started in Russian Federation,  until 20/06/2026.",GDACS,https://www.gdacs.org/report.aspx?eventtype=WF&eventid=1028944
2026-06-11,WF1028995,WF,Green,true,Green forest fire notification in The Democratic Republic of Congo,"On 11/06/2026, a forest fire started in The Democratic Republic of Congo,  until 20/06/2026.",GDACS,https://www.gdacs.org/report.aspx?eventtype=WF&eventid=1028995
2026-06-11,WF1028948,WF,Green,true,Green forest fire notification in The Democratic Republic of Congo,"On 11/06/2026, a forest fire started in The Democratic Republic of Congo,  until 20/06/2026.",GDACS,https://www.gdacs.org/report.aspx?eventtype=WF&eventid=1028948
2026-06-11,WF1028949,WF,Green,true,Green forest fire notification in The Democratic Republic of Congo,"On 11/06/2026, a forest fire started in The Democratic Republic of Congo,  until 20/06/2026.",GDACS,https://www.gdacs.org/report.aspx?eventtype=WF&eventid=1028949
2026-06-11,WF1028973,WF,Green,true,Green forest fire notification in Australia,"On 11/06/2026, a forest fire started in Australia,  until 21/06/2026.",GDACS,https://www.gdacs.org/report.aspx?eventtype=WF&eventid=1028973
2026-06-11,WF1028968,WF,Green,true,Green forest fire notification in Russian Federation,"On 11/06/2026, a forest fire started in Russian Federation,  until 21/06/2026.",GDACS,https://www.gdacs.org/report.aspx?eventtype=WF&eventid=1028968
2026-06-10,WF1028969,WF,Green,true,Green forest fire notification in Russian Federation,"On 10/06/2026, a forest fire started in Russian Federation,  until 21/06/2026.",GDACS,https://www.gdacs.org/report.aspx?eventtype=WF&eventid=1028969
2026-06-10,WF1028978,WF,Green,true,Green forest fire notification in Russian Federation,"On 10/06/2026, a forest fire started in Russian Federation,  until 20/06/2026.",GDACS,https://www.gdacs.org/report.aspx?eventtype=WF&eventid=1028978
2026-06-10,WF1028957,WF,Green,true,Green forest fire notification in Australia,"On 10/06/2026, a forest fire started in Australia,  until 20/06/2026.",GDACS,https://www.gdacs.org/report.aspx?eventtype=WF&eventid=1028957
2026-06-10,WF1028928,WF,Green,true,Green forest fire notification in Australia,"On 10/06/2026, a forest fire started in Australia,  until 20/06/2026.",GDACS,https://www.gdacs.org/report.aspx?eventtype=WF&eventid=1028928
2026-06-10,WF1028907,WF,Green,false,Green forest fire notification in The Democratic Republic of Congo,"On 10/06/2026, a forest fire started in The Democratic Republic of Congo,  until 17/06/2026.",GDACS,https://www.gdacs.org/report.aspx?eventtype=WF&eventid=1028907
2026-06-10,WF1028881,WF,Green,true,Green forest fire notification in Australia,"On 10/06/2026, a forest fire started in Australia,  until 20/06/2026.",GDACS,https://www.gdacs.org/report.aspx?eventtype=WF&eventid=1028881
2026-06-09,WF1028902,WF,Green,true,Green forest fire notification in The Democratic Republic of Congo,"On 09/06/2026, a forest fire started in The Democratic Republic of Congo,  until 20/06/2026.",GDACS,https://www.gdacs.org/report.aspx?eventtype=WF&eventid=1028902
2026-06-09,WF1028981,WF,Green,true,Green forest fire notification in The Democratic Republic of Congo,"On 09/06/2026, a forest fire started in The Democratic Republic of Congo,  until 19/06/2026.",GDACS,https://www.gdacs.org/report.aspx?eventtype=WF&eventid=1028981
2026-06-09,WF1028921,WF,Green,false,Green forest fire notification in The Democratic Republic of Congo,"On 09/06/2026, a forest fire started in The Democratic Republic of Congo,  until 17/06/2026.",GDACS,https://www.gdacs.org/report.aspx?eventtype=WF&eventid=1028921
2026-06-09,WF1028887,WF,Green,false,Green forest fire notification in The Democratic Republic of Congo,"On 09/06/2026, a forest fire started in The Democratic Republic of Congo,  until 17/06/2026.",GDACS,https://www.gdacs.org/report.aspx?eventtype=WF&eventid=1028887
2026-06-09,WF1028908,WF,Green,true,Green forest fire notification in The Democratic Republic of Congo,"On 09/06/2026, a forest fire started in The Democratic Republic of Congo,  until 18/06/2026.",GDACS,https://www.gdacs.org/report.aspx?eventtype=WF&eventid=1028908
2026-06-09,WF1028950,WF,Green,true,Green forest fire notification in The Democratic Republic of Congo,"On 09/06/2026, a forest fire started in The Democratic Republic of Congo,  until 20/06/2026.",GDACS,https://www.gdacs.org/report.aspx?eventtype=WF&eventid=1028950
2026-06-09,WF1028883,WF,Green,true,Green forest fire notification in Australia,"On 09/06/2026, a forest fire started in Australia,  until 20/06/2026.",GDACS,https://www.gdacs.org/report.aspx?eventtype=WF&eventid=1028883
2026-06-09,WF1028934,WF,Green,true,Green forest fire notification in The Democratic Republic of Congo,"On 09/06/2026, a forest fire started in The Democratic Republic of Congo,  until 20/06/2026.",GDACS,https://www.gdacs.org/report.aspx?eventtype=WF&eventid=1028934
2026-06-09,WF1028997,WF,Green,true,Green forest fire notification in The Democratic Republic of Congo,"On 09/06/2026, a forest fire started in The Democratic Republic of Congo,  until 20/06/2026.",GDACS,https://www.gdacs.org/report.aspx?eventtype=WF&eventid=1028997
2026-06-09,WF1028998,WF,Green,true,Green forest fire notification in The Democratic Republic of Congo,"On 09/06/2026, a forest fire started in The Democratic Republic of Congo,  until 20/06/2026.",GDACS,https://www.gdacs.org/report.aspx?eventtype=WF&eventid=1028998
2026-06-09,WF1028996,WF,Green,true,Green forest fire notification in The Democratic Republic of Congo,"On 09/06/2026, a forest fire started in The Democratic Republic of Congo,  until 20/06/2026.",GDACS,https://www.gdacs.org/report.aspx?eventtype=WF&eventid=1028996
2026-06-08,WF1029006,WF,Green,true,Green forest fire notification in Russian Federation,"On 08/06/2026, a forest fire started in Russian Federation,  until 21/06/2026.",GDACS,https://www.gdacs.org/report.aspx?eventtype=WF&eventid=1029006
2026-06-08,WF1028884,WF,Green,true,Green forest fire notification in Australia,"On 08/06/2026, a forest fire started in Australia,  until 21/06/2026.",GDACS,https://www.gdacs.org/report.aspx?eventtype=WF&eventid=1028884
2026-06-08,WF1028929,WF,Green,true,Green forest fire notification in Russian Federation,"On 08/06/2026, a forest fire started in Russian Federation,  until 21/06/2026.",GDACS,https://www.gdacs.org/report.aspx?eventtype=WF&eventid=1028929
2026-06-08,WF1028936,WF,Green,true,Green forest fire notification in The Democratic Republic of Congo,"On 08/06/2026, a forest fire started in The Democratic Republic of Congo,  until 18/06/2026.",GDACS,https://www.gdacs.org/report.aspx?eventtype=WF&eventid=1028936
2026-06-08,WF1028952,WF,Green,true,Green forest fire notification in Russian Federation,"On 08/06/2026, a forest fire started in Russian Federation,  until 18/06/2026.",GDACS,https://www.gdacs.org/report.aspx?eventtype=WF&eventid=1028952
2026-06-08,WF1028964,WF,Green,false,Green forest fire notification in Angola,"On 08/06/2026, a forest fire started in Angola,  until 17/06/2026.",GDACS,https://www.gdacs.org/report.aspx?eventtype=WF&eventid=1028964
2026-06-08,WF1028951,WF,Green,false,Green forest fire notification in The Democratic Republic of Congo,"On 08/06/2026, a forest fire started in The Democratic Republic of Congo,  until 17/06/2026.",GDACS,https://www.gdacs.org/report.aspx?eventtype=WF&eventid=1028951
2026-06-07,WF1028972,WF,Green,true,Green forest fire notification in Zambia,"On 07/06/2026, a forest fire started in Zambia,  until 18/06/2026.",GDACS,https://www.gdacs.org/report.aspx?eventtype=WF&eventid=1028972
2026-06-07,WF1028847,WF,Green,true,Green forest fire notification in Russian Federation,"On 07/06/2026, a forest fire started in Russian Federation,  until 19/06/2026.",GDACS,https://www.gdacs.org/report.aspx?eventtype=WF&eventid=1028847
2026-06-07,WF1028974,WF,Green,true,Green forest fire notification in Russian Federation,"On 07/06/2026, a forest fire started in Russian Federation,  until 20/06/2026.",GDACS,https://www.gdacs.org/report.aspx?eventtype=WF&eventid=1028974
2026-06-07,WF1028988,WF,Green,true,Green forest fire notification in The Democratic Republic of Congo,"On 07/06/2026, a forest fire started in The Democratic Republic of Congo,  until 20/06/2026.",GDACS,https://www.gdacs.org/report.aspx?eventtype=WF&eventid=1028988
2026-06-07,WF1028961,WF,Green,true,Green forest fire notification in Russian Federation,"On 07/06/2026, a forest fire started in Russian Federation,  until 21/06/2026.",GDACS,https://www.gdacs.org/report.aspx?eventtype=WF&eventid=1028961
2026-06-06,FL1103933,FL,Green,true,Green flood alert in China,"On 06/06/2026, a flood started in China, lasting until 20/06/2026 (last update). The flood caused 0 deaths and 31442 displaced .",GDACS,https://www.gdacs.org/report.aspx?eventtype=FL&eventid=1103933
2026-06-06,WF1028937,WF,Green,true,Green forest fire notification in The Democratic Republic of Congo,"On 06/06/2026, a forest fire started in The Democratic Republic of Congo,  until 20/06/2026.",GDACS,https://www.gdacs.org/report.aspx?eventtype=WF&eventid=1028937
2026-06-06,WF1028939,WF,Green,true,Green forest fire notification in Angola,"On 06/06/2026, a forest fire started in Angola,  until 19/06/2026.",GDACS,https://www.gdacs.org/report.aspx?eventtype=WF&eventid=1028939
2026-06-06,WF1028911,WF,Green,true,Green forest fire notification in The Democratic Republic of Congo,"On 06/06/2026, a forest fire started in The Democratic Republic of Congo,  until 20/06/2026.",GDACS,https://www.gdacs.org/report.aspx?eventtype=WF&eventid=1028911
2026-06-06,WF1028891,WF,Green,false,Green forest fire notification in The Democratic Republic of Congo,"On 06/06/2026, a forest fire started in The Democratic Republic of Congo,  until 17/06/2026.",GDACS,https://www.gdacs.org/report.aspx?eventtype=WF&eventid=1028891
2026-06-06,WF1028893,WF,Green,false,Green forest fire notification in The Democratic Republic of Congo,"On 06/06/2026, a forest fire started in The Democratic Republic of Congo,  until 17/06/2026.",GDACS,https://www.gdacs.org/report.aspx?eventtype=WF&eventid=1028893
2026-06-06,WF1028836,WF,Green,false,Green forest fire notification in Zambia,"On 06/06/2026, a forest fire started in Zambia,  until 17/06/2026.",GDACS,https://www.gdacs.org/report.aspx?eventtype=WF&eventid=1028836
2026-06-06,WF1028873,WF,Green,true,Green forest fire notification in Angola,"On 06/06/2026, a forest fire started in Angola,  until 18/06/2026.",GDACS,https://www.gdacs.org/report.aspx?eventtype=WF&eventid=1028873
2026-06-05,FL1103930,FL,Green,true,Green flood alert in El Salvador,"On 05/06/2026, a flood started in El Salvador, lasting until 18/06/2026 (last update). The flood caused 0 deaths and 50 displaced .",GDACS,https://www.gdacs.org/report.aspx?eventtype=FL&eventid=1103930
2026-06-05,WF1028856,WF,Green,true,Green forest fire notification in Australia,"On 05/06/2026, a forest fire started in Australia,  until 18/06/2026.",GDACS,https://www.gdacs.org/report.aspx?eventtype=WF&eventid=1028856
2026-06-05,WF1028860,WF,Green,true,Green forest fire notification in Angola,"On 05/06/2026, a forest fire started in Angola,  until 19/06/2026.",GDACS,https://www.gdacs.org/report.aspx?eventtype=WF&eventid=1028860
2026-06-05,WF1028818,WF,Green,true,Green forest fire notification in Australia,"On 05/06/2026, a forest fire started in Australia,  until 20/06/2026.",GDACS,https://www.gdacs.org/report.aspx?eventtype=WF&eventid=1028818
2026-06-05,WF1028861,WF,Green,true,Green forest fire notification in The Democratic Republic of Congo,"On 05/06/2026, a forest fire started in The Democratic Republic of Congo,  until 20/06/2026.",GDACS,https://www.gdacs.org/report.aspx?eventtype=WF&eventid=1028861
2026-06-05,WF1028819,WF,Green,true,Green forest fire notification in Australia,"On 05/06/2026, a forest fire started in Australia,  until 19/06/2026.",GDACS,https://www.gdacs.org/report.aspx?eventtype=WF&eventid=1028819
2026-06-05,WF1028859,WF,Green,false,Green forest fire notification in The Democratic Republic of Congo,"On 05/06/2026, a forest fire started in The Democratic Republic of Congo,  until 17/06/2026.",GDACS,https://www.gdacs.org/report.aspx?eventtype=WF&eventid=1028859
2026-06-05,WF1028943,WF,Green,true,Green forest fire notification in Australia,"On 05/06/2026, a forest fire started in Australia,  until 20/06/2026.",GDACS,https://www.gdacs.org/report.aspx?eventtype=WF&eventid=1028943
2026-06-05,WF1028999,WF,Green,true,Green forest fire notification in The Democratic Republic of Congo,"On 05/06/2026, a forest fire started in The Democratic Republic of Congo,  until 20/06/2026.",GDACS,https://www.gdacs.org/report.aspx?eventtype=WF&eventid=1028999
2026-06-04,WF1028797,WF,Green,false,Green forest fire notification in Australia,"On 04/06/2026, a forest fire started in Australia,  until 17/06/2026.",GDACS,https://www.gdacs.org/report.aspx?eventtype=WF&eventid=1028797
2026-06-04,WF1028839,WF,Green,false,Green forest fire notification in Angola,"On 04/06/2026, a forest fire started in Angola,  until 17/06/2026.",GDACS,https://www.gdacs.org/report.aspx?eventtype=WF&eventid=1028839
2026-06-04,WF1028896,WF,Green,false,Green forest fire notification in The Democratic Republic of Congo,"On 04/06/2026, a forest fire started in The Democratic Republic of Congo,  until 17/06/2026.",GDACS,https://www.gdacs.org/report.aspx?eventtype=WF&eventid=1028896
2026-06-04,WF1028940,WF,Green,false,Green forest fire notification in Angola,"On 04/06/2026, a forest fire started in Angola,  until 17/06/2026.",GDACS,https://www.gdacs.org/report.aspx?eventtype=WF&eventid=1028940
2026-06-04,WF1028903,WF,Green,true,Green forest fire notification in Australia,"On 04/06/2026, a forest fire started in Australia,  until 18/06/2026.",GDACS,https://www.gdacs.org/report.aspx?eventtype=WF&eventid=1028903
2026-06-04,WF1028822,WF,Green,true,Green forest fire notification in Australia,"On 04/06/2026, a forest fire started in Australia,  until 18/06/2026.",GDACS,https://www.gdacs.org/report.aspx?eventtype=WF&eventid=1028822
2026-06-04,WF1028965,WF,Green,true,Green forest fire notification in The Democratic Republic of Congo,"On 04/06/2026, a forest fire started in The Democratic Republic of Congo,  until 18/06/2026.",GDACS,https://www.gdacs.org/report.aspx?eventtype=WF&eventid=1028965
2026-06-04,WF1028923,WF,Green,true,Green forest fire notification in Angola,"On 04/06/2026, a forest fire started in Angola,  until 18/06/2026.",GDACS,https://www.gdacs.org/report.aspx?eventtype=WF&eventid=1028923
2026-06-04,WF1028823,WF,Green,true,Green forest fire notification in Australia,"On 04/06/2026, a forest fire started in Australia,  until 19/06/2026.",GDACS,https://www.gdacs.org/report.aspx?eventtype=WF&eventid=1028823
2026-06-04,WF1028870,WF,Green,true,Green forest fire notification in Australia,"On 04/06/2026, a forest fire started in Australia,  until 19/06/2026.",GDACS,https://www.gdacs.org/report.aspx?eventtype=WF&eventid=1028870
2026-06-04,WF1028877,WF,Green,true,Green forest fire notification in Angola,"On 04/06/2026, a forest fire started in Angola,  until 19/06/2026.",GDACS,https://www.gdacs.org/report.aspx?eventtype=WF&eventid=1028877
2026-05-19,FL1103888,FL,Green,true,Green flood alert in United States,"On 19/05/2026, a flood started in United States, lasting until 18/06/2026 (last update). The flood caused 5 deaths and 115 displaced .",GDACS,https://www.gdacs.org/report.aspx?eventtype=FL&eventid=1103888
2026-02-21,DR1018457,DR,Drought,false,Drought is on going in Australia,The  Drought notification level is Green.,GDACS,https://www.gdacs.org/report.aspx?eventtype=DR&eventid=1018457
2026-01-21,DR1018545,DR,Drought,false,"Drought is on going in China, Indonesia, Cambodia, Laos, Malaysia, Philippines, Thailand, Vietnam",The  Drought notification level is Green.,GDACS,https://www.gdacs.org/report.aspx?eventtype=DR&eventid=1018545
2025-12-21,DR1018546,DR,Drought,false,Drought is on going in United States,The  Drought notification level is Green.,GDACS,https://www.gdacs.org/report.aspx?eventtype=DR&eventid=1018546
2025-12-21,DR1018332,DR,Drought,true,"Drought is on going in Austria, Belarus, Czech Republic, Germany, Denmark, Estonia, Finland, Hungary, Lithuania, Latvia, Poland, Romania, Serbia, Russia, Sweden, Slovakia, Ukraine",The  Drought notification level is Green.,GDACS,https://www.gdacs.org/report.aspx?eventtype=DR&eventid=1018332
2025-12-11,DR1018344,DR,Drought,false,"Drought is on going in Angola, Democratic Republic of Congo, Republic of Congo, Gabon",The  Drought notification level is Green.,GDACS,https://www.gdacs.org/report.aspx?eventtype=DR&eventid=1018344
2025-11-21,DR1018431,DR,Drought,false,Drought is on going in Madagascar,The  Drought notification level is Orange.,GDACS,https://www.gdacs.org/report.aspx?eventtype=DR&eventid=1018431
2025-08-21,DR1018093,DR,Drought,false,"Drought is on going in Mexico, United States",The  Drought notification level is Green.,GDACS,https://www.gdacs.org/report.aspx?eventtype=DR&eventid=1018093
