indicator_id,name_ko,category,country,latest_date,latest_value,age_days,freshness_status,unit,frequency,previous_date,previous_value,change_1_obs,pct_change_1_obs,date_1m,value_1m,change_1m,pct_change_1m,date_3m,value_3m,change_3m,pct_change_3m,date_6m,value_6m,change_6m,pct_change_6m,date_12m,value_12m,change_12m,pct_change_12m,source,source_series_id,source_url,notes
australia_gov_bond_10y,Australia 10Y government bond yield,rates_global,Australia,2026-05-01,4.99,51,ok,percent,monthly,2026-04-01,4.969,0.020999999999999908,0.42262024552224275,2026-04-01,4.969,0.020999999999999908,0.42262024552224275,2026-02-01,4.758,0.2320000000000002,4.875998318621266,2025-11-01,4.416,0.5739999999999998,12.998188405797094,2025-05-01,4.35,0.6400000000000006,14.71264367816094,FRED,IRLTLT01AUM156N,https://fred.stlouisfed.org/graph/fredgraph.csv?id=IRLTLT01AUM156N,
bok_base_rate,한국은행 기준금리,rates,Korea,2026-06-21,2.5,0,ok,percent,daily,2026-06-20,2.5,0.0,0.0,2026-05-21,2.5,0.0,0.0,2026-03-21,2.5,0.0,0.0,2025-12-21,2.5,0.0,0.0,2025-06-21,2.5,0.0,0.0,Bank of Korea,bok_base_rate_daily.csv,derived,
canada_gov_bond_10y,Canada 10Y government bond yield,rates_global,Canada,2026-05-01,3.5415,51,ok,percent,monthly,2026-04-01,3.48333333333333,0.05816666666667025,1.6698564593302434,2026-04-01,3.48333333333333,0.05816666666667025,1.6698564593302434,2026-02-01,3.28842105263158,0.25307894736842007,7.696062740076792,2025-11-01,3.17421052631579,0.36728947368421005,11.571049577184533,2025-05-01,3.22142857142857,0.3200714285714299,9.935698447893614,FRED,IRLTLT01CAM156N,https://fred.stlouisfed.org/graph/fredgraph.csv?id=IRLTLT01CAM156N,
cocoa_futures,코코아 선물,commodities,Global,2026-06-18,4362.0,3,ok,usd_per_tonne,daily,2026-06-01,4143.0,219.0,5.28602461984069,2026-05-01,3923.0,439.0,11.190415498343098,2026-01-01,4165.0,197.0,4.729891956782706,2025-12-01,6065.0,-1703.0,-28.07914262159934,2025-05-01,9791.0,-5429.0,-55.44888162598305,Yahoo Finance,CC=F,https://query1.finance.yahoo.com/v8/finance/chart/CC%3DF,
coffee_futures,커피 선물,commodities,Global,2026-06-18,256.1000061035156,3,ok,us_cents_per_lb,daily,2026-06-01,275.1000061035156,-19.0,-6.906579272430335,2026-05-01,265.6000061035156,-9.5,-3.5768071467202622,2026-01-01,332.25,-76.14999389648438,-22.91948650007054,2025-12-01,348.75,-92.64999389648438,-26.56630649361559,2025-05-01,342.45001220703125,-86.35000610351562,-25.21536079003319,Yahoo Finance,KC=F,https://query1.finance.yahoo.com/v8/finance/chart/KC%3DF,
copper_futures,Copper futures,commodities,Global,2026-06-19,6.336999893188477,2,ok,usd_per_lb,daily,2026-06-01,6.354000091552734,-0.017000198364257812,-0.2675511192840374,2026-05-01,6.359499931335449,-0.022500038146972656,-0.35380200314347743,2026-01-01,5.896999835968018,0.440000057220459,7.461422239436621,2025-12-01,5.630000114440918,0.7069997787475586,12.557722280220007,2025-05-01,4.652500152587891,1.684499740600586,36.206333914112946,Yahoo Finance,HG=F,https://query1.finance.yahoo.com/v8/finance/chart/HG%3DF,
copper_gold_ratio,Copper / gold ratio,market_derived,Global,2026-06-19,0.0015186081721321038,2,ok,ratio,daily,2026-06-01,0.0015328203968184976,-1.4212224686393831e-05,-0.9271943872806276,2026-05-01,0.001394474275043405,0.0001241338970886987,8.9018420282321,2026-01-01,0.0012509811319998609,0.0002676270401322429,21.393371433540743,2025-12-01,0.001301553538777529,0.00021705463335457468,16.67658124601168,2025-05-01,0.001414606795808047,0.00010400137632405682,7.3519635726512655,Derived,copper_futures/gold_futures,derived,
corn_futures,옥수수 선물,commodities,Global,2026-06-18,444.25,3,ok,us_cents_per_bushel,daily,2026-06-01,417.5,26.75,6.407185628742518,2026-05-01,446.75,-2.5,-0.5595970900951319,2026-01-01,428.25,16.0,3.7361354349095155,2025-12-01,440.25,4.0,0.9085746734809774,2025-05-01,444.0,0.25,0.05630630630630851,Yahoo Finance,ZC=F,https://query1.finance.yahoo.com/v8/finance/chart/ZC%3DF,
dow_jones,Dow Jones Industrial Average,market,United States,2026-06-18,51564.69921875,3,ok,index,daily,2026-06-01,51564.69921875,0.0,0.0,2026-05-01,51032.4609375,532.23828125,1.042940652816715,2026-03-01,46341.51171875,5223.1875,11.271077067360057,2025-12-01,48063.2890625,3501.41015625,7.284999059670838,2025-06-01,44094.76953125,7469.9296875,16.940625309779776,Yahoo Finance,^DJI,https://query1.finance.yahoo.com/v8/finance/chart/%5EDJI,
dxy,DXY,fx,United States,2026-06-19,100.76000213623047,2,ok,index,daily,2026-04-01,100.8499984741211,-0.089996337890625,-0.08923781780098006,2026-04-01,100.8499984741211,-0.089996337890625,-0.08923781780098006,2026-01-01,99.95999908447266,0.8000030517578125,0.8003231883603412,2025-10-01,98.27999877929688,2.4800033569335938,2.5234059704282608,2025-04-01,96.87999725341797,3.8800048828125,4.004959736593738,Yahoo Finance,DX-Y.NYB,https://query1.finance.yahoo.com/v8/finance/chart/DX-Y.NYB,
fed_balance_sheet_assets,연준 총자산,liquidity,United States,2026-06-17,6736424.0,4,ok,millions_usd,weekly,2026-06-10,6725397.0,11027.0,0.16396058106309397,2026-05-13,6728502.0,7922.0,0.11773794523655123,2026-03-11,6646344.0,90080.0,1.3553315928275689,2025-12-17,6556861.0,179563.0,2.738551267138356,2025-06-11,6677155.0,59269.0,0.8876385226941785,FRED,WALCL,https://fred.stlouisfed.org/graph/fredgraph.csv?id=WALCL,
fed_funds_effective,Fed 유효연방기금금리,rates,United States,2026-06-17,3.63,4,ok,percent,daily,2026-06-16,3.63,0.0,0.0,2026-05-17,3.63,0.0,0.0,2026-03-17,3.64,-0.010000000000000231,-0.27472527472528485,2025-12-17,3.64,-0.010000000000000231,-0.27472527472528485,2025-06-17,4.33,-0.7000000000000002,-16.16628175519631,Federal Reserve H.15,fed_funds_effective_daily.csv,derived,
fed_policy_rate_mid,Fed 기준금리 중간값,rates,United States,2026-06-21,3.625,0,ok,percent,daily,2026-06-20,3.625,0.0,0.0,2026-05-21,3.625,0.0,0.0,2026-03-21,3.625,0.0,0.0,2025-12-21,3.625,0.0,0.0,2025-06-21,4.375,-0.75,-17.14285714285714,Federal Reserve Open Market Operations,fed_funds_target_daily.csv,derived,
fed_reserve_balances,연준 지급준비금,liquidity,United States,2026-06-17,3033444.0,4,ok,millions_usd,weekly,2026-06-10,3080723.0,-47279.0,-1.5346722181773575,2026-05-13,3102810.0,-69366.0,-2.235586452280347,2026-03-11,3037665.0,-4221.0,-0.1389554147675942,2025-12-17,2959044.0,74400.0,2.5143255727187563,2025-06-11,3407108.0,-373664.0,-10.967189769153196,FRED,WRESBAL,https://fred.stlouisfed.org/graph/fredgraph.csv?id=WRESBAL,
fed_reverse_repo,연준 역레포,liquidity,United States,2026-06-18,0.251,3,ok,billions_usd,daily,2026-06-17,6.828,-6.577,-96.32396016403047,2026-05-18,7.193,-6.941999999999999,-96.51049631586265,2026-03-18,0.698,-0.44699999999999995,-64.0401146131805,2025-12-18,11.708,-11.457,-97.85616672360779,2025-06-18,205.05,-204.799,-99.87759083150452,FRED,RRPONTSYD,https://fred.stlouisfed.org/graph/fredgraph.csv?id=RRPONTSYD,
fertilizer_ppi,비료 가격지수,commodities,United States,2026-05-01,431.86,51,ok,index,monthly,2026-04-01,411.9,19.960000000000036,4.845836368050516,2026-04-01,411.9,19.960000000000036,4.845836368050516,2026-02-01,372.874,58.98599999999999,15.819284798618295,2025-11-01,371.085,60.775000000000034,16.37764932562622,2025-05-01,337.064,94.79599999999999,28.124035791422397,FRED,WPS0652,https://fred.stlouisfed.org/graph/fredgraph.csv?id=WPS0652,
gdacs_current_events_count,GDACS 현재 자연재해 이벤트 수,climate,Global,2026-06-21,115.0,0,ok,events,snapshot,,,,,,,,,,,,,,,,,,,,,GDACS,gdacs_rss,derived,
gdacs_non_green_events_count,GDACS 주황/적색 자연재해 이벤트 수,climate,Global,2026-06-21,0.0,0,ok,events,snapshot,,,,,,,,,,,,,,,,,,,,,GDACS,gdacs_rss,derived,
germany_gov_bond_10y,Germany 10Y government bond yield,rates_global,Germany,2026-05-01,3.0465,51,ok,percent,monthly,2026-04-01,3.001,0.045500000000000096,1.5161612795734802,2026-04-01,3.001,0.045500000000000096,1.5161612795734802,2026-02-01,2.745,0.3014999999999999,10.983606557377046,2025-11-01,2.6575,0.3889999999999998,14.637817497648165,2025-05-01,2.5628571429,0.4836428571,18.87123745620616,FRED,IRLTLT01DEM156N,https://fred.stlouisfed.org/graph/fredgraph.csv?id=IRLTLT01DEM156N,
gold_futures,금 선물,commodities,Global,2026-06-19,4172.89990234375,2,ok,usd_per_oz,daily,2026-06-01,4145.2998046875,27.60009765625,0.6658166829101253,2026-05-01,4560.5,-387.60009765625,-8.499070225989481,2026-01-01,4713.89990234375,-541.0,-11.476696815963672,2025-12-01,4325.60009765625,-152.7001953125,-3.530150542470112,2025-05-01,3288.89990234375,884.0,26.878288371441172,Yahoo Finance,GC=F,https://query1.finance.yahoo.com/v8/finance/chart/GC%3DF,
hang_seng,Hang Seng Index,market,Hong Kong,2026-06-18,23924.810546875,3,ok,index,daily,2026-05-31,23924.810546875,0.0,0.0,2026-02-28,25182.390625,-1257.580078125,-4.99388678720808,2026-02-28,25182.390625,-1257.580078125,-4.99388678720808,2025-11-30,26630.5390625,-2705.728515625,-10.16024688525773,2025-05-31,25077.619140625,-1152.80859375,-4.596961885757667,Yahoo Finance,^HSI,https://query1.finance.yahoo.com/v8/finance/chart/%5EHSI,
henry_hub_natural_gas,미국 천연가스,commodities,United States,2026-06-15,3.06,6,ok,usd_per_mmbtu,daily,2026-06-12,3.06,0.0,0.0,2026-05-15,2.89,0.16999999999999993,5.882352941176472,2026-03-13,3.2,-0.14000000000000012,-4.375000000000007,2025-12-15,3.9,-0.8399999999999999,-21.53846153846154,2025-06-13,2.65,0.41000000000000014,15.471698113207545,FRED,DHHNGSP,https://fred.stlouisfed.org/graph/fredgraph.csv?id=DHHNGSP,
japan_gov_bond_10y,Japan 10Y government bond yield,rates_global,Japan,2026-05-01,2.65,51,ok,percent,monthly,2026-04-01,2.515,0.1349999999999998,5.367793240556651,2026-04-01,2.515,0.1349999999999998,5.367793240556651,2026-02-01,2.11,0.54,25.59241706161137,2025-11-01,1.805,0.845,46.81440443213296,2025-05-01,1.5,1.15,76.66666666666666,FRED,IRLTLT01JPM156N,https://fred.stlouisfed.org/graph/fredgraph.csv?id=IRLTLT01JPM156N,
korea_10y_3m_spread,한국 10년-3개월 금리차,rates,Korea,2026-05-01,1.2550000000000003,51,ok,percentage_point,monthly,2026-04-01,0.9170000000000003,0.3380000000000001,36.859323882224636,2026-04-01,0.9170000000000003,0.3380000000000001,36.859323882224636,2026-02-01,0.8320000000000003,0.42300000000000004,50.841346153846146,2025-11-01,0.5580000000000003,0.6970000000000001,124.91039426523294,2025-05-01,0.040000000000000036,1.2150000000000003,3037.499999999998,Derived,korea_gov_bond_10y-korea_short_rate_3m,derived,
korea_cpi_all_items,한국 CPI,inflation,Korea,2026-05-01,119.92,51,ok,index,monthly,2026-04-01,119.37,0.5499999999999972,0.4607522828181221,2026-04-01,119.37,0.5499999999999972,0.4607522828181221,2026-02-01,118.4,1.519999999999996,1.2837837837837762,2025-11-01,117.2,2.719999999999999,2.320819112627981,2025-05-01,116.27,3.6500000000000057,3.1392448610991774,Bank of Korea ECOS,901Y009:0,https://ecos.bok.or.kr/api/,
korea_cpi_all_items_fred,한국 CPI(FRED fallback),inflation,Korea,2023-11-01,118.84768138617,963,stale,index,monthly,2023-10-01,119.511811590829,-0.6641302046590027,-0.5557025668163851,2023-10-01,119.511811590829,-0.6641302046590027,-0.5557025668163851,2023-08-01,118.415469665677,0.43221172049300094,0.36499599394679283,2023-05-01,117.15045975204,1.6972216341299884,1.4487537118696103,2022-11-01,115.010484648138,3.8371967380319916,3.336388634281029,FRED,KORCPIALLMINMEI,https://fred.stlouisfed.org/graph/fredgraph.csv?id=KORCPIALLMINMEI,OECD/FRED fallback; primary feed is Bank of Korea ECOS.
korea_cpi_energy,한국 에너지 CPI,inflation,Korea,2026-05-01,148.13,51,ok,index,monthly,2026-04-01,147.81,0.3199999999999932,0.21649414789255417,2026-04-01,147.81,0.3199999999999932,0.21649414789255417,2026-02-01,146.24,1.8899999999999864,1.292396061269141,2025-11-01,146.24,1.8899999999999864,1.292396061269141,2025-05-01,146.46,1.6699999999999875,1.1402430697801336,Bank of Korea ECOS,901Y009:D05,https://ecos.bok.or.kr/api/,"Electricity, gas, and other fuels CPI proxy."
korea_cpi_energy_fred,한국 에너지 CPI(FRED fallback),inflation,Korea,2025-04-01,119.0472,446,stale,index,monthly,2025-03-01,120.8075,-1.7603000000000009,-1.4571115203940166,2025-03-01,120.8075,-1.7603000000000009,-1.4571115203940166,2025-01-01,121.0476,-2.000399999999999,-1.6525730373836423,2024-10-01,116.4511,2.596100000000007,2.22934776914947,2024-04-01,118.4159,0.6313000000000102,0.5331209744637411,FRED,KORCPIENGMINMEI,https://fred.stlouisfed.org/graph/fredgraph.csv?id=KORCPIENGMINMEI,OECD/FRED fallback; primary feed is Bank of Korea ECOS.
korea_cpi_food,한국 식품 CPI,inflation,Korea,2026-05-01,126.55,51,ok,index,monthly,2026-04-01,126.55,0.0,0.0,2026-04-01,126.55,0.0,0.0,2026-02-01,128.99,-2.440000000000012,-1.8916195053880203,2025-11-01,126.84,-0.29000000000000625,-0.22863450015768727,2025-05-01,124.7,1.8499999999999943,1.4835605453087375,Bank of Korea ECOS,901Y009:A01,https://ecos.bok.or.kr/api/,
korea_cpi_food_fred,한국 식품 CPI(FRED fallback),inflation,Korea,2018-05-01,124.082444195267,2973,stale,index,monthly,2018-04-01,124.891627267158,-0.8091830718909989,-0.6479081821554433,2018-04-01,124.891627267158,-0.8091830718909989,-0.6479081821554433,2018-02-01,125.735489613557,-1.6530454182899916,-1.3147007446907444,2017-11-01,119.574138509022,4.508305686244995,3.7703016241299014,2017-05-01,121.030668038425,3.0517761568419957,2.521489971346025,FRED,KORCPIFODMINMEI,https://fred.stlouisfed.org/graph/fredgraph.csv?id=KORCPIFODMINMEI,OECD/FRED fallback; primary feed is Bank of Korea ECOS.
korea_current_account,한국 경상수지,fx,Korea,2026-04-01,28292.3,81,ok,million_usd,monthly,,,,,,,,,,,,,,,,,,,,,Bank of Korea ECOS KeyStatisticList,경상수지,https://ecos.bok.or.kr/api/KeyStatisticList/,
korea_current_account_fred,한국 경상수지(FRED fallback),fx,Korea,2024-01-01,58114053095.5,902,stale,usd,annual,2023-01-01,54990965548.0,3123087547.5,5.6792738886789484,2023-01-01,54990965548.0,3123087547.5,5.6792738886789484,2023-01-01,54990965548.0,3123087547.5,5.6792738886789484,2023-01-01,54990965548.0,3123087547.5,5.6792738886789484,2023-01-01,54990965548.0,3123087547.5,5.6792738886789484,FRED,KORBCABP6USD,https://fred.stlouisfed.org/graph/fredgraph.csv?id=KORBCABP6USD,Annual IMF/FRED fallback; primary latest feed is Bank of Korea KeyStatisticList.
korea_employment_rate,한국 고용률,employment,Korea,2026-05-01,63.3,51,ok,percent,monthly,2026-04-01,69.96933,-6.669330000000002,-9.531790571669053,2026-04-01,69.96933,-6.669330000000002,-9.531790571669053,2026-02-01,69.96981,-6.669809999999998,-9.532411192770141,2025-11-01,69.91655,-6.616550000000004,-9.46349612502334,2025-05-01,69.90689,-6.606890000000007,-9.450985446498915,Bank of Korea ECOS KeyStatisticList,고용률,https://ecos.bok.or.kr/api/KeyStatisticList/,
korea_foreign_bond_flows,외국인 채권 자금흐름,fx,Korea,2026-04-01,4754.0,81,ok,million_usd,monthly,2026-03-01,-4715.9,9469.9,-200.80790517186537,2026-03-01,-4715.9,9469.9,-200.80790517186537,2026-01-01,4467.3,286.6999999999998,6.417746737402896,2025-10-01,1845.3,2908.7,157.62748604562944,2025-04-01,5239.9,-485.89999999999964,-9.27307773049103,Bank of Korea ECOS,301Y013:BOPF22200000,https://ecos.bok.or.kr/api/,"Balance of payments portfolio investment liabilities, debt securities."
korea_foreign_stock_flows,외국인 주식 자금흐름,fx,Korea,2026-04-01,-1241.9,81,ok,million_usd,monthly,2026-03-01,-29326.9,28085.0,-95.76532125795771,2026-03-01,-29326.9,28085.0,-95.76532125795771,2026-01-01,219.8,-1461.7,-665.0136487716105,2025-10-01,2929.2,-4171.1,-142.39724156766354,2025-04-01,-9175.3,7933.4,-86.46474774666768,Bank of Korea ECOS,301Y013:BOPF22100000,https://ecos.bok.or.kr/api/,"Balance of payments portfolio investment liabilities, equity securities."
korea_gov_bond_10y,한국 10년 국채금리,rates,Korea,2026-05-01,4.075,51,ok,percent,monthly,2026-04-01,3.737,0.3380000000000001,9.044688252609046,2026-04-01,3.737,0.3380000000000001,9.044688252609046,2026-02-01,3.612,0.4630000000000001,12.818383167220372,2025-11-01,3.248,0.827,25.46182266009851,2025-05-01,2.71,1.3650000000000002,50.36900369003692,FRED,IRLTLT01KRM156N,https://fred.stlouisfed.org/graph/fredgraph.csv?id=IRLTLT01KRM156N,
korea_m2,한국 M2,liquidity,Korea,2026-04-01,4153872.5,81,ok,billions_krw,monthly,2026-03-01,4128588.4,25284.100000000093,0.612415129587629,2026-03-01,4128588.4,25284.100000000093,0.612415129587629,2026-01-01,4113522.3,40350.200000000186,0.9809160387923566,2025-10-01,4057978.5,95894.0,2.363097783785695,2025-04-01,3930117.2,223755.2999999998,5.693349297573103,Bank of Korea ECOS,161Y005:BBHS00,https://ecos.bok.or.kr/api/,
korea_m2_fred,한국 M2(FRED fallback),liquidity,Korea,2017-05-01,2457795500000000.0,3338,stale,krw,monthly,2017-04-01,2450489900000000.0,7305600000000.0,0.2981281416422066,2017-04-01,2450489900000000.0,7305600000000.0,0.2981281416422066,2017-02-01,2422416700000000.0,35378800000000.0,1.4604754004544196,2016-11-01,2403232400000000.0,54563100000000.0,2.27040464334618,2016-05-01,2324654400000000.0,133141100000000.0,5.727350267635489,FRED,MYAGM2KRM189S,https://fred.stlouisfed.org/graph/fredgraph.csv?id=MYAGM2KRM189S,FRED fallback; primary feed is Bank of Korea ECOS.
korea_short_rate_3m,한국 CD91일 금리,rates,Korea,2026-06-19,2.92,2,ok,percent,daily,2026-05-01,2.82,0.10000000000000009,3.546099290780136,2026-05-01,2.82,0.10000000000000009,3.546099290780136,2026-03-01,2.82,0.10000000000000009,3.546099290780136,2025-12-01,2.84,0.08000000000000007,2.8169014084507005,2025-06-01,2.57,0.3500000000000001,13.618677042801552,Bank of Korea ECOS KeyStatisticList,CD수익률(91일),https://ecos.bok.or.kr/api/KeyStatisticList/,
korea_trade_balance,한국 무역수지,fx,Korea,2026-04-01,23754.887,81,ok,million_usd,monthly,2026-03-01,26788.312,-3033.425000000003,-11.323688480259609,2026-03-01,26788.312,-3033.425000000003,-11.323688480259609,2026-01-01,8722.625,15032.261999999999,172.33644688382222,2025-10-01,6000.751,17754.136,295.86523420151906,2025-04-01,4803.029,18951.858,394.5813777097743,Derived from Bank of Korea ECOS,korea_trade_exports-korea_trade_imports,derived,
korea_trade_balance_fred,한국 무역수지(FRED fallback),fx,Korea,2024-12-01,8429514000000.002,567,stale,usd,monthly,2024-11-01,6156422000000.0,2273092000000.002,36.92229025235765,2024-11-01,6156422000000.0,2273092000000.002,36.92229025235765,2024-09-01,4410370000000.0,4019144000000.002,91.12940637633582,2024-06-01,6866723000000.001,1562791000000.001,22.758905521600337,2023-12-01,3500989000000.0,4928525000000.002,140.77522094471027,FRED,XTNTVA01KRM664S,https://fred.stlouisfed.org/graph/fredgraph.csv?id=XTNTVA01KRM664S,Fallback only; primary feed is derived from BOK ECOS customs exports minus imports.
korea_trade_exports,한국 통관수출,fx,Korea,2026-04-01,85867478.0,81,ok,thousand_usd,monthly,2026-03-01,87211190.0,-1343712.0,-1.540756409813926,2026-03-01,87211190.0,-1343712.0,-1.540756409813926,2026-01-01,65842410.0,20025068.0,30.413631578795485,2025-10-01,59511578.0,26355900.0,44.287012520488034,2025-04-01,58035745.0,27831733.0,47.95619148164636,Bank of Korea ECOS,901Y118:T002,https://ecos.bok.or.kr/api/,
korea_trade_imports,한국 통관수입,fx,Korea,2026-04-01,62112591.0,81,ok,thousand_usd,monthly,2026-03-01,60422878.0,1689713.0,2.796478843659189,2026-03-01,60422878.0,1689713.0,2.796478843659189,2026-01-01,57119785.0,4992806.0,8.740939763691348,2025-10-01,53510827.0,8601764.0,16.074810430420005,2025-04-01,53232716.0,8879875.0,16.68123602785925,Bank of Korea ECOS,901Y118:T004,https://ecos.bok.or.kr/api/,
korea_unemployment_rate,한국 실업률,employment,Korea,2026-05-01,2.9,51,ok,percent,monthly,2026-04-01,2.716726,0.18327399999999994,6.746134869692422,2026-04-01,2.716726,0.18327399999999994,6.746134869692422,2026-02-01,2.91423,-0.014229999999999965,-0.4882936487511258,2025-11-01,2.782316,0.11768400000000012,4.2297136630059295,2025-05-01,2.769444,0.1305559999999999,4.714159231961368,Bank of Korea ECOS KeyStatisticList,실업률,https://ecos.bok.or.kr/api/KeyStatisticList/,
kosdaq,KOSDAQ,market,Korea,2026-06-19,966.5900268554688,2,ok,index,daily,2026-05-31,966.5900268554688,0.0,0.0,2026-04-30,1074.800048828125,-108.21002197265625,-10.06792119991432,2026-02-28,1052.3900146484375,-85.79998779296875,-8.152869810498075,2025-11-30,925.469970703125,41.12005615234375,4.443154014073825,2025-05-31,781.5,185.09002685546875,23.683944575235927,Yahoo Finance,^KQ11,https://query1.finance.yahoo.com/v8/finance/chart/%5EKQ11,
kospi,KOSPI,market,Korea,2026-06-19,9052.419921875,2,ok,index,daily,2026-05-31,9052.419921875,0.0,0.0,2026-04-30,8476.150390625,576.26953125,6.7987176335070565,2026-02-28,5052.4599609375,3999.9599609375,79.16856327141075,2025-11-30,4214.169921875,4838.25,114.80908671682917,2025-05-31,3071.699951171875,5980.719970703125,194.70391202830336,Yahoo Finance,^KS11,https://query1.finance.yahoo.com/v8/finance/chart/%5EKS11,
kospi_vs_sp500,KOSPI / S&P 500 relative strength,market_derived,Korea/United States,2026-06-19,1.2068959770559413,2,ok,ratio,daily,2026-05-31,1.1942411869958722,0.012654790060069088,1.059651115525706,2026-04-30,1.11821678523712,0.08867919181882122,7.9304114362776845,2026-02-28,0.7344887608172262,0.47240721623871507,64.31782777902455,2025-11-30,0.6152890410279195,0.5916069360280218,96.15106016510002,2025-05-31,0.5195976077258867,0.6872983693300546,132.27512196180825,Derived,kospi/sp500,derived,
nasdaq_composite,NASDAQ Composite,market,United States,2026-06-18,26517.931640625,3,ok,index,daily,2026-05-01,26517.9296875,0.001953125,7.365299725670127e-06,2026-05-01,26517.9296875,0.001953125,7.365299725670127e-06,2026-02-01,24892.310546875,1625.62109375,6.53061551152021,2025-11-01,23461.8203125,3056.111328125,13.02589179960927,2025-05-01,21122.44921875,5395.482421875,25.543829534150486,Yahoo Finance,^IXIC,https://query1.finance.yahoo.com/v8/finance/chart/%5EIXIC,
nasdaq_vs_sp500,NASDAQ / S&P 500 relative strength,market_derived,United States,2026-06-18,3.5354507737292193,3,ok,ratio,daily,2026-05-01,3.498379891784076,0.03707088194514352,1.059658558871912,2026-05-01,3.498379891784076,0.03707088194514352,1.059658558871912,2026-02-01,3.6186575388633657,-0.08320676513414638,-2.299382139385364,2025-11-01,3.4255384069621475,0.10991236676707183,3.2086158060199654,2025-05-01,3.5729967958579154,-0.037546022128696066,-1.0508271983960982,Derived,nasdaq_composite/sp500,derived,
nikkei_225,Nikkei 225,market,Japan,2026-06-19,71250.0625,2,ok,index,daily,2026-03-31,71250.0625,0.0,0.0,2026-03-31,71250.0625,0.0,0.0,2025-12-31,51063.71875,20186.34375,39.531675804555455,2025-09-30,50339.48046875,20910.58203125,41.53912959874702,2025-03-31,40487.390625,30762.671875,75.98087058740897,Yahoo Finance,^N225,https://query1.finance.yahoo.com/v8/finance/chart/%5EN225,
rough_rice_futures,쌀 선물,commodities,Global,2026-06-18,12.604999542236328,3,ok,usd_per_cwt,daily,2026-06-01,12.204999923706055,0.39999961853027344,3.2773422452329948,2026-05-01,12.604999542236328,0.0,0.0,2026-01-01,11.029999732971191,1.5749998092651367,14.279237057069928,2025-12-01,9.595000267028809,3.0099992752075195,31.37049704470303,2025-05-01,13.494999885559082,-0.8900003433227539,-6.595037798222869,Yahoo Finance,ZR=F,https://query1.finance.yahoo.com/v8/finance/chart/ZR%3DF,
russell_2000,Russell 2000,market,United States,2026-06-18,2979.765380859375,3,ok,index,daily,2026-06-01,2979.77001953125,-0.004638671875,-0.00015567214397549378,2026-03-01,2919.340087890625,60.42529296875,2.069827123581569,2026-03-01,2919.340087890625,60.42529296875,2.069827123581569,2025-12-01,2632.360107421875,347.4052734375,13.197482838993002,2025-06-01,2366.419921875,613.345458984375,25.918707551210908,Yahoo Finance,^RUT,https://query1.finance.yahoo.com/v8/finance/chart/%5ERUT,
shanghai_composite,Shanghai Composite,market,China,2026-06-18,4090.481201171875,3,ok,index,daily,2026-05-31,4090.48095703125,0.000244140625,5.968506577858079e-06,2026-04-30,4068.569091796875,21.912109375,0.5385704133470393,2026-02-28,3891.861083984375,198.6201171875,5.103473965318384,2025-11-30,3968.840087890625,121.64111328125,3.0649033618761923,2025-05-31,3444.426025390625,646.05517578125,18.75654088718548,Yahoo Finance,000001.SS,https://query1.finance.yahoo.com/v8/finance/chart/000001.SS,
silver_futures,은 선물,commodities,Global,2026-06-19,64.91000366210938,2,ok,usd_per_oz,daily,2026-06-01,66.25499725341797,-1.3449935913085938,-2.0300258804089033,2026-05-01,75.61599731445312,-10.70599365234375,-14.158371287258575,2026-01-01,78.29000091552734,-13.379997253417969,-17.090301567188128,2025-12-01,70.13400268554688,-5.2239990234375,-7.448596719710753,2025-05-01,32.891998291015625,32.01800537109375,97.34284030970353,Yahoo Finance,SI=F,https://query1.finance.yahoo.com/v8/finance/chart/SI%3DF,
sox,PHLX Semiconductor Index,market,United States,2026-06-18,14341.783203125,3,ok,index,daily,2026-06-01,14341.7802734375,0.0029296875,2.0427641778120176e-05,2026-05-01,12829.3798828125,1512.4033203125,11.78859254404545,2026-03-01,7588.2001953125,6753.5830078125,89.00111797240704,2025-12-01,7083.1298828125,7258.6533203125,102.47804911676002,2025-06-01,5546.5400390625,8795.2431640625,158.57170600266883,Yahoo Finance,^SOX,https://query1.finance.yahoo.com/v8/finance/chart/%5ESOX,
sox_vs_sp500,SOX / S&P 500 relative strength,market_derived,United States,2026-06-18,1.9120898722156126,3,ok,ratio,daily,2026-06-01,1.9120894816208225,3.9059479006731124e-07,2.0427641800324636e-05,2026-05-01,1.6925169172330545,0.21957295498255802,12.973161611968887,2026-03-01,1.0010738881560075,0.911015984059605,91.00387042735771,2025-12-01,1.029692334141542,0.8823975380740705,85.69526146950761,2025-06-01,0.8585630052487367,1.0535268669668758,122.70816009148398,Derived,sox/sp500,derived,
soybean_futures,대두 선물,commodities,Global,2026-06-18,1142.0,3,ok,us_cents_per_bushel,daily,2026-06-01,1122.75,19.25,1.7145401914941072,2026-05-01,1186.75,-44.75,-3.7708026121761162,2026-01-01,1064.25,77.75,7.305614282358475,2025-12-01,1030.5,111.5,10.819990295972826,2025-05-01,1041.75,100.25,9.623230141588678,Yahoo Finance,ZS=F,https://query1.finance.yahoo.com/v8/finance/chart/ZS%3DF,
sp500,S&P 500,market,United States,2026-06-18,7500.580078125,3,ok,index,daily,2026-06-01,7500.580078125,0.0,0.0,2026-03-01,7580.06005859375,-79.47998046875,-1.04854024710056,2026-03-01,7580.06005859375,-79.47998046875,-1.04854024710056,2025-12-01,6878.8798828125,621.7001953125,9.03781147372371,2025-06-01,6460.259765625,1040.3203125,16.10338206577293,Yahoo Finance,^GSPC,https://query1.finance.yahoo.com/v8/finance/chart/%5EGSPC,
sugar_futures,설탕 선물,commodities,Global,2026-06-18,14.140000343322754,3,ok,us_cents_per_lb,daily,2026-06-01,13.59000015258789,0.5500001907348633,4.047094809120577,2026-05-01,14.0600004196167,0.07999992370605469,0.5689894830617437,2026-01-01,14.270000457763672,-0.13000011444091797,-0.9110028750573096,2025-12-01,15.010000228881836,-0.869999885559082,-5.7961350585794875,2025-05-01,17.049999237060547,-2.909998893737793,-17.067442955730495,Yahoo Finance,SB=F,https://query1.finance.yahoo.com/v8/finance/chart/SB%3DF,
taiwan_weighted,Taiwan Weighted Index,market,Taiwan,2026-06-18,46465.19921875,3,ok,index,daily,2026-05-31,46465.19921875,0.0,0.0,2026-04-30,44732.94140625,1732.2578125,3.8724433449797147,2026-02-28,31722.990234375,14742.208984375,46.471687805774245,2025-11-30,28963.599609375,17501.599609375,60.42618958076622,2025-05-31,22256.01953125,24209.1796875,108.77587366198856,Yahoo Finance,^TWII,https://query1.finance.yahoo.com/v8/finance/chart/%5ETWII,
uk_gov_bond_10y,UK 10Y government bond yield,rates_global,United Kingdom,2026-05-01,4.9416,51,ok,percent,monthly,2026-04-01,4.8207,0.12089999999999979,2.5079345323293145,2026-04-01,4.8207,0.12089999999999979,2.5079345323293145,2026-02-01,4.4324,0.5091999999999999,11.48813283999639,2025-11-01,4.4985,0.44310000000000027,9.849949983327777,2025-05-01,4.6004,0.3412000000000006,7.4167463698809,FRED,IRLTLT01GBM156N,https://fred.stlouisfed.org/graph/fredgraph.csv?id=IRLTLT01GBM156N,
us_10y_2y_spread,미국 10년-2년 금리차,rates,United States,2026-06-18,0.27,3,ok,percentage_point,daily,2026-06-17,0.29,-0.019999999999999962,-6.896551724137923,2026-05-18,0.54,-0.27,-50.0,2026-03-18,0.5,-0.22999999999999998,-46.0,2025-12-18,0.66,-0.39,-59.09090909090908,2025-06-18,0.44,-0.16999999999999998,-38.63636363636363,FRED,T10Y2Y,https://fred.stlouisfed.org/graph/fredgraph.csv?id=T10Y2Y,
us_10y_3m_spread,미국 10년-3개월 금리차,rates,United States,2026-06-18,0.63,3,ok,percentage_point,daily,2026-06-17,0.66,-0.030000000000000027,-4.545454545454552,2026-05-18,0.93,-0.30000000000000004,-32.25806451612904,2026-03-18,0.53,0.09999999999999998,18.867924528301884,2025-12-18,0.5,0.13,26.0,2025-06-18,-0.04,0.67,-1675.0,FRED,T10Y3M,https://fred.stlouisfed.org/graph/fredgraph.csv?id=T10Y3M,
us_10y_breakeven_inflation,미국 10년 기대인플레,inflation,United States,2026-06-18,2.25,3,ok,percent,daily,2026-06-17,2.26,-0.009999999999999787,-0.4424778761061843,2026-05-18,2.48,-0.22999999999999998,-9.2741935483871,2026-03-18,2.4,-0.1499999999999999,-6.25,2025-12-18,2.24,0.009999999999999787,0.44642857142855874,2025-06-18,2.31,-0.06000000000000005,-2.5974025974025983,FRED,T10YIE,https://fred.stlouisfed.org/graph/fredgraph.csv?id=T10YIE,
us_5y_breakeven_inflation,미국 5년 기대인플레,inflation,United States,2026-06-18,2.27,3,ok,percent,daily,2026-06-17,2.31,-0.040000000000000036,-1.7316017316017285,2026-05-18,2.69,-0.41999999999999993,-15.613382899628247,2026-03-18,2.66,-0.3900000000000001,-14.661654135338352,2025-12-18,2.26,0.010000000000000231,0.4424778761062065,2025-06-18,2.36,-0.08999999999999986,-3.813559322033888,FRED,T5YIE,https://fred.stlouisfed.org/graph/fredgraph.csv?id=T5YIE,
us_avg_hourly_earnings,미국 시간당 임금,employment,United States,2026-05-01,37.53,51,ok,usd_per_hour,monthly,2026-04-01,37.41,0.12000000000000455,0.320769847634339,2026-04-01,37.41,0.12000000000000455,0.320769847634339,2026-02-01,37.27,0.259999999999998,0.6976120203917358,2025-11-01,37.0,0.5300000000000011,1.432432432432429,2025-05-01,36.28,1.25,3.4454244762954778,FRED,CES0500000003,https://fred.stlouisfed.org/graph/fredgraph.csv?id=CES0500000003,
us_bank_lending_standards,미국 은행 대출태도,credit,United States,2026-04-01,8.1,81,ok,net_percent,quarterly,2026-01-01,5.3,2.8,52.83018867924527,2026-01-01,5.3,2.8,52.83018867924527,2026-01-01,5.3,2.8,52.83018867924527,2025-10-01,6.5,1.5999999999999996,24.615384615384617,2025-04-01,18.5,-10.4,-56.21621621621622,FRED,DRTSCILM,https://fred.stlouisfed.org/graph/fredgraph.csv?id=DRTSCILM,
us_bbb_spread,미국 BBB 스프레드,credit,United States,2026-06-17,0.92,4,ok,percentage_point,daily,2026-06-16,0.93,-0.010000000000000009,-1.0752688172043001,2026-05-15,0.94,-0.019999999999999907,-2.127659574468077,2026-03-17,1.14,-0.21999999999999986,-19.298245614035082,2025-12-17,1.03,-0.10999999999999999,-10.679611650485432,2025-06-17,1.1,-0.18000000000000005,-16.36363636363637,FRED,BAMLC0A4CBBB,https://fred.stlouisfed.org/graph/fredgraph.csv?id=BAMLC0A4CBBB,
us_broad_dollar_index,미국 광의 달러지수,fx,United States,2026-06-12,119.5073,9,ok,index,daily,2026-06-11,120.1174,-0.6101000000000028,-0.507919751842778,2026-05-12,118.5238,0.9835000000000065,0.8297911474320019,2026-03-12,119.8227,-0.3153999999999968,-0.263222244199135,2025-12-12,120.1442,-0.6368999999999971,-0.5301129809012761,2025-06-12,120.1723,-0.6650000000000063,-0.5533721165360106,FRED,DTWEXBGS,https://fred.stlouisfed.org/graph/fredgraph.csv?id=DTWEXBGS,
us_business_loan_delinquency_rate,미국 기업대출 연체율,credit,United States,2026-01-01,1.34,171,ok,percent,quarterly,2025-10-01,1.34,0.0,0.0,2025-10-01,1.34,0.0,0.0,2025-10-01,1.34,0.0,0.0,2025-07-01,1.33,0.010000000000000009,0.7518796992481258,2025-01-01,1.29,0.050000000000000044,3.875968992248069,FRED,DRBLACBS,https://fred.stlouisfed.org/graph/fredgraph.csv?id=DRBLACBS,Proxy for default stress; exact US corporate default-rate series is usually proprietary or report-based.
us_chicago_fed_nfci,미국 금융여건지수,liquidity,United States,2026-06-12,-0.505,9,ok,index,weekly,2026-06-05,-0.505,0.0,0.0,2026-05-08,-0.5,-0.0050000000000000044,1.0000000000000009,2026-03-06,-0.485,-0.020000000000000018,4.123711340206193,2025-12-12,-0.514,0.009000000000000008,-1.7509727626459193,2025-06-06,-0.473,-0.03200000000000003,6.765327695560264,FRED,NFCI,https://fred.stlouisfed.org/graph/fredgraph.csv?id=NFCI,
us_core_cpi,미국 Core CPI,inflation,United States,2026-05-01,336.121,51,ok,index,monthly,2026-04-01,335.423,0.6979999999999791,0.20809544962627768,2026-04-01,335.423,0.6979999999999791,0.20809544962627768,2026-02-01,333.512,2.6089999999999804,0.7822806975461116,2025-11-01,331.043,5.0779999999999745,1.5339396996764787,2025-05-01,326.893,9.228000000000009,2.8229420636110225,FRED,CPILFESL,https://fred.stlouisfed.org/graph/fredgraph.csv?id=CPILFESL,
us_core_pce_price_index,미국 Core PCE 물가지수,inflation,United States,2026-04-01,129.63,81,ok,index,monthly,2026-03-01,129.321,0.3089999999999975,0.23894031131834748,2026-03-01,129.321,0.3089999999999975,0.23894031131834748,2026-01-01,128.432,1.1980000000000075,0.9327893359910355,2025-10-01,127.243,2.3870000000000005,1.875938165557245,2025-04-01,125.502,4.128,3.289190610508208,FRED,PCEPILFE,https://fred.stlouisfed.org/graph/fredgraph.csv?id=PCEPILFE,
us_cpi_all_items,미국 CPI,inflation,United States,2026-05-01,333.979,51,ok,index,monthly,2026-04-01,332.407,1.5720000000000027,0.47291422864139676,2026-04-01,332.407,1.5720000000000027,0.47291422864139676,2026-02-01,327.46,6.5190000000000055,1.9907774995419292,2025-11-01,325.063,8.915999999999997,2.7428529238947563,2025-05-01,320.62,13.35899999999998,4.166614684049641,FRED,CPIAUCSL,https://fred.stlouisfed.org/graph/fredgraph.csv?id=CPIAUCSL,
us_cpi_energy,미국 에너지 CPI,inflation,United States,2026-05-01,338.639,51,ok,index,monthly,2026-04-01,325.978,12.661000000000001,3.8840044420175523,2026-04-01,325.978,12.661000000000001,3.8840044420175523,2026-02-01,283.223,55.416,19.566207546703485,2025-11-01,284.648,53.990999999999985,18.96763722211292,2025-05-01,275.377,63.262,22.972869920145843,FRED,CPIENGSL,https://fred.stlouisfed.org/graph/fredgraph.csv?id=CPIENGSL,
us_cpi_food,미국 식품 CPI,inflation,United States,2026-05-01,348.892,51,ok,index,monthly,2026-04-01,348.349,0.5430000000000064,0.15587815667621463,2026-04-01,348.349,0.5430000000000064,0.15587815667621463,2026-02-01,346.622,2.269999999999982,0.6548920726324292,2025-11-01,342.386,6.505999999999972,1.9001945172991697,2025-05-01,338.474,10.418000000000006,3.0779321306806384,FRED,CPIUFDSL,https://fred.stlouisfed.org/graph/fredgraph.csv?id=CPIUFDSL,
us_financial_stress,미국 금융시장 스트레스 지표,credit,United States,2026-06-12,-0.7698,9,ok,index,weekly,2026-06-05,-0.8678,0.09799999999999998,-11.292924637013135,2026-05-08,-0.7604,-0.009400000000000075,1.2361914781694017,2026-03-06,-0.4265,-0.34330000000000005,80.49237983587341,2025-12-12,-0.3563,-0.41350000000000003,116.05388717373,2025-06-06,-0.8036,0.03379999999999994,-4.206072672971617,FRED,STLFSI4,https://fred.stlouisfed.org/graph/fredgraph.csv?id=STLFSI4,
us_germany_10y_gap,US-Germany 10Y yield gap,rates_global,United States/Germany,2026-05-01,1.3434999999999997,51,ok,percentage_point,monthly,2026-04-01,1.3290000000000002,0.014499999999999513,1.0910458991722827,2026-04-01,1.3290000000000002,0.014499999999999513,1.0910458991722827,2026-02-01,1.5149999999999997,-0.17149999999999999,-11.320132013201324,2025-11-01,1.4525000000000001,-0.10900000000000043,-7.504302925989704,2025-05-01,1.6871428571,-0.3436428571000003,-20.36833192007711,Derived,us_treasury_10y-germany_gov_bond_10y,derived,
us_high_yield_spread,미국 하이일드 스프레드,credit,United States,2026-06-17,2.63,4,ok,percentage_point,daily,2026-06-16,2.71,-0.08000000000000007,-2.9520295202952074,2026-05-15,2.8,-0.16999999999999993,-6.071428571428572,2026-03-17,3.22,-0.5900000000000003,-18.322981366459633,2025-12-17,2.99,-0.3600000000000003,-12.040133779264227,2025-06-17,3.17,-0.54,-17.034700315457417,FRED,BAMLH0A0HYM2,https://fred.stlouisfed.org/graph/fredgraph.csv?id=BAMLH0A0HYM2,
us_initial_jobless_claims,미국 신규 실업수당 청구,employment,United States,2026-06-13,226000.0,8,ok,persons,weekly,2026-06-06,230000.0,-4000.0,-1.7391304347826098,2026-05-09,212000.0,14000.0,6.60377358490567,2026-03-07,213000.0,13000.0,6.103286384976525,2025-12-13,224000.0,2000.0,0.8928571428571397,2025-06-07,246000.0,-20000.0,-8.130081300813007,FRED,ICSA,https://fred.stlouisfed.org/graph/fredgraph.csv?id=ICSA,
us_japan_10y_gap,US-Japan 10Y yield gap,rates_global,United States/Japan,2026-05-01,1.7399999999999998,51,ok,percentage_point,monthly,2026-04-01,1.815,-0.07500000000000018,-4.132231404958686,2026-04-01,1.815,-0.07500000000000018,-4.132231404958686,2026-02-01,2.15,-0.41000000000000014,-19.069767441860474,2025-11-01,2.3050000000000006,-0.5650000000000008,-24.511930585683327,2025-05-01,2.75,-1.0100000000000002,-36.727272727272734,Derived,us_treasury_10y-japan_gov_bond_10y,derived,
us_korea_10y_gap,US-Korea 10Y yield gap,rates_global,United States/Korea,2026-05-01,0.3149999999999995,51,ok,percentage_point,monthly,2026-04-01,0.593,-0.27800000000000047,-46.880269814502604,2026-04-01,0.593,-0.27800000000000047,-46.880269814502604,2026-02-01,0.6479999999999997,-0.3330000000000002,-51.38888888888894,2025-11-01,0.8620000000000001,-0.5470000000000006,-63.45707656612536,2025-05-01,1.54,-1.2250000000000005,-79.54545454545458,Derived,us_treasury_10y-korea_gov_bond_10y,derived,
us_m2,미국 M2,liquidity,United States,2026-04-01,22804.5,81,ok,billions_usd,monthly,2026-03-01,22686.4,118.09999999999854,0.520576204245704,2026-03-01,22686.4,118.09999999999854,0.520576204245704,2026-01-01,22429.3,375.2000000000007,1.672811902288518,2025-10-01,22245.1,559.4000000000015,2.5147111049174997,2025-04-01,21775.7,1028.7999999999993,4.724532391610836,FRED,M2SL,https://fred.stlouisfed.org/graph/fredgraph.csv?id=M2SL,
us_michigan_expected_inflation,미국 미시간대 1년 기대인플레,inflation,United States,2026-04-01,4.7,81,ok,percent,monthly,2026-03-01,3.8,0.9000000000000004,23.684210526315795,2026-03-01,3.8,0.9000000000000004,23.684210526315795,2026-01-01,4.0,0.7000000000000002,17.500000000000004,2025-10-01,4.6,0.10000000000000053,2.1739130434782705,2025-04-01,6.5,-1.7999999999999998,-27.692307692307693,FRED,MICH,https://fred.stlouisfed.org/graph/fredgraph.csv?id=MICH,
us_minus_korea_policy_rate_gap,한미 기준금리차(미국-한국),rates,United States/Korea,2026-06-21,1.125,0,ok,percentage_point,daily,2026-06-20,1.125,0.0,0.0,2026-05-21,1.125,0.0,0.0,2026-03-21,1.125,0.0,0.0,2025-12-21,1.125,0.0,0.0,2025-06-21,1.875,-0.75,-40.0,Derived,fed_policy_rate_mid-bok_base_rate,derived,
us_nonfarm_payrolls,미국 비농업고용,employment,United States,2026-05-01,159001.0,51,ok,thousands_persons,monthly,2026-04-01,158829.0,172.0,0.10829256621902594,2026-04-01,158829.0,172.0,0.10829256621902594,2026-02-01,158436.0,565.0,0.35661087126663826,2025-11-01,158449.0,552.0,0.3483770803223818,2025-05-01,158498.0,503.0,0.317354162197625,FRED,PAYEMS,https://fred.stlouisfed.org/graph/fredgraph.csv?id=PAYEMS,
us_pce_price_index,미국 PCE 물가지수,inflation,United States,2026-04-01,130.902,81,ok,index,monthly,2026-03-01,130.381,0.5209999999999866,0.3995981009502714,2026-03-01,130.381,0.5209999999999866,0.3995981009502714,2026-01-01,129.002,1.8999999999999773,1.4728453822421272,2025-10-01,127.871,3.0309999999999917,2.3703576260449832,2025-04-01,126.15,4.751999999999981,3.7669441141498172,FRED,PCEPI,https://fred.stlouisfed.org/graph/fredgraph.csv?id=PCEPI,
us_sofr,미국 SOFR,liquidity,United States,2026-06-17,3.63,4,ok,percent,daily,2026-06-16,3.63,0.0,0.0,2026-05-15,3.55,0.08000000000000007,2.2535211267605604,2026-03-17,3.65,-0.020000000000000018,-0.5479452054794498,2025-12-17,3.69,-0.06000000000000005,-1.6260162601625994,2025-06-17,4.31,-0.6799999999999997,-15.777262180974471,FRED,SOFR,https://fred.stlouisfed.org/graph/fredgraph.csv?id=SOFR,
us_treasury_10y,미국 10년 국채금리,rates,United States,2026-06-17,4.49,4,ok,percent,daily,2026-06-16,4.43,0.0600000000000005,1.3544018058690765,2026-05-15,4.59,-0.09999999999999964,-2.178649237472763,2026-03-17,4.2,0.29000000000000004,6.904761904761902,2025-12-17,4.16,0.33000000000000007,7.932692307692313,2025-06-17,4.39,0.10000000000000053,2.277904328018243,FRED,DGS10,https://fred.stlouisfed.org/graph/fredgraph.csv?id=DGS10,
us_treasury_2y,미국 2년 국채금리,rates,United States,2026-06-17,4.2,4,ok,percent,daily,2026-06-16,4.05,0.15000000000000036,3.70370370370372,2026-05-15,4.09,0.11000000000000032,2.689486552567244,2026-03-17,3.68,0.52,14.130434782608692,2025-12-17,3.49,0.71,20.343839541547283,2025-06-17,3.94,0.26000000000000023,6.598984771573613,FRED,DGS2,https://fred.stlouisfed.org/graph/fredgraph.csv?id=DGS2,
us_treasury_3m,미국 3개월 국채금리,rates,United States,2026-06-17,3.83,4,ok,percent,daily,2026-06-16,3.79,0.040000000000000036,1.055408970976246,2026-05-15,3.69,0.14000000000000012,3.7940379403794022,2026-03-17,3.72,0.10999999999999988,2.9569892473118253,2025-12-17,3.64,0.18999999999999995,5.219780219780223,2025-06-17,4.42,-0.5899999999999999,-13.348416289592757,FRED,DGS3MO,https://fred.stlouisfed.org/graph/fredgraph.csv?id=DGS3MO,
us_unemployment_rate,미국 실업률,employment,United States,2026-05-01,4.3,51,ok,percent,monthly,2026-04-01,4.3,0.0,0.0,2026-04-01,4.3,0.0,0.0,2026-02-01,4.4,-0.10000000000000053,-2.272727272727282,2025-11-01,4.5,-0.20000000000000018,-4.444444444444451,2025-05-01,4.3,0.0,0.0,FRED,UNRATE,https://fred.stlouisfed.org/graph/fredgraph.csv?id=UNRATE,
usd_krw,달러/원 환율,fx,Korea,2026-06-19,1527.0,2,ok,krw_per_usd,daily,2026-06-12,1518.87,8.13000000000011,0.5352663493255028,2026-05-19,1508.49,18.50999999999999,1.2270548694389705,2026-03-19,1495.88,31.11999999999989,2.080380779206892,2025-12-19,1477.26,49.74000000000001,3.367044392997842,2025-06-18,1372.11,154.8900000000001,11.288453549642519,Bank of Korea ECOS KeyStatisticList,원/달러 환율(종가),https://ecos.bok.or.kr/api/KeyStatisticList/,
vix,CBOE Volatility Index,market_stress,United States,2026-06-19,16.780000686645508,2,ok,index,daily,2026-06-01,16.399999618530273,0.3800010681152344,2.3170797375255514,2026-05-01,15.319999694824219,1.460000991821289,9.530032773528996,2026-03-01,25.25,-8.469999313354492,-33.54455173605739,2025-12-01,14.949999809265137,1.830000877380371,12.2408087005208,2025-06-01,16.729999542236328,0.05000114440917969,0.29887116423970017,Yahoo Finance,^VIX,https://query1.finance.yahoo.com/v8/finance/chart/%5EVIX,
wheat_futures,밀 선물,commodities,Global,2026-06-18,613.25,3,ok,us_cents_per_bushel,daily,2026-06-01,605.75,7.5,1.2381345439537839,2026-05-01,610.5,2.75,0.45045045045044585,2026-01-01,538.0,75.25,13.986988847583648,2025-12-01,507.0,106.25,20.956607495069022,2025-05-01,534.0,79.25,14.840823970037453,Yahoo Finance,ZW=F,https://query1.finance.yahoo.com/v8/finance/chart/ZW%3DF,
wti_spot,WTI,commodities,United States,2026-06-15,84.65,6,ok,usd_per_barrel,daily,2026-06-12,88.62,-3.969999999999999,-4.479801399232675,2026-05-15,108.99,-24.33999999999999,-22.3323240664281,2026-03-13,98.48,-13.829999999999998,-14.04346060113728,2025-12-15,56.97,27.680000000000007,48.58697560119363,2025-06-13,73.84,10.810000000000002,14.639761646803894,FRED,DCOILWTICO,https://fred.stlouisfed.org/graph/fredgraph.csv?id=DCOILWTICO,
