observation_date,KORCPIENGMINMEI
1990-01-01,27.050999999999998
1990-02-01,27.086569999999998
1990-03-01,27.086569999999998
1990-04-01,27.086569999999998
1990-05-01,27.123909999999999
1990-06-01,27.123909999999999
1990-07-01,27.123909999999999
1990-08-01,27.123909999999999
1990-09-01,27.123909999999999
1990-10-01,27.162140000000001
1990-11-01,28.163239999999998
1990-12-01,30.569959999999998
1991-01-01,30.569959999999998
1991-02-01,30.569959999999998
1991-03-01,30.569959999999998
1991-04-01,30.569959999999998
1991-05-01,30.644649999999999
1991-06-01,30.644649999999999
1991-07-01,31.348790000000001
1991-08-01,31.348790000000001
1991-09-01,31.386140000000001
1991-10-01,31.644860000000001
1991-11-01,32.201419999999999
1991-12-01,32.201419999999999
1992-01-01,32.201419999999999
1992-02-01,32.201419999999999
1992-03-01,32.349890000000002
1992-04-01,32.719749999999998
1992-05-01,32.719749999999998
1992-06-01,33.831980000000001
1992-07-01,36.092009999999995
1992-08-01,36.092009999999995
1992-09-01,36.092009999999995
1992-10-01,36.129350000000002
1992-11-01,36.203140000000005
1992-12-01,36.315170000000002
1993-01-01,36.350729999999999
1993-02-01,36.350729999999999
1993-03-01,36.388069999999999
1993-04-01,36.388069999999999
1993-05-01,36.388069999999999
1993-06-01,36.388069999999999
1993-07-01,36.388069999999999
1993-08-01,36.426299999999998
1993-09-01,36.426299999999998
1993-10-01,36.426299999999998
1993-11-01,36.461859999999994
1993-12-01,36.646790000000003
1994-01-01,37.092220000000005
1994-02-01,36.758820000000000
1994-03-01,36.869950000000003
1994-04-01,36.834389999999999
1994-05-01,35.944420000000001
1994-06-01,36.203140000000005
1994-07-01,36.426299999999998
1994-08-01,36.684139999999999
1994-09-01,36.276940000000003
1994-10-01,35.795059999999999
1994-11-01,35.944420000000001
1994-12-01,35.980879999999999
1995-01-01,35.795059999999999
1995-02-01,36.350729999999999
1995-03-01,37.092220000000005
1995-04-01,36.722369999999998
1995-05-01,37.092220000000005
1995-06-01,36.684139999999999
1995-07-01,36.461859999999994
1995-08-01,36.944629999999997
1995-09-01,38.093319999999999
1995-10-01,38.426720000000003
1995-11-01,36.981090000000002
1995-12-01,37.982190000000003
1996-01-01,38.871259999999999
1996-02-01,39.241120000000002
1996-03-01,38.537859999999995
1996-04-01,39.056190000000001
1996-05-01,39.167319999999997
1996-06-01,39.094420000000000
1996-07-01,41.278880000000001
1996-08-01,41.983909999999995
1996-09-01,42.318199999999997
1996-10-01,42.538699999999999
1996-11-01,43.318410000000000
1996-12-01,44.502659999999999
1997-01-01,46.689790000000002
1997-02-01,47.430390000000003
1997-03-01,46.985849999999999
1997-04-01,46.652450000000002
1997-05-01,46.318150000000003
1997-06-01,46.504860000000001
1997-07-01,45.282380000000003
1997-08-01,45.652239999999999
1997-09-01,46.245249999999999
1997-10-01,46.466630000000002
1997-11-01,47.914040000000000
1997-12-01,61.178159999999998
1998-01-01,64.959400000000002
1998-02-01,69.552359999999993
1998-03-01,62.179259999999999
1998-04-01,62.141910000000003
1998-05-01,58.102849999999997
1998-06-01,58.991919999999993
1998-07-01,58.881680000000003
1998-08-01,58.769649999999999
1998-09-01,60.030359999999995
1998-10-01,62.253050000000002
1998-11-01,62.437980000000003
1998-12-01,61.437769999999993
1999-01-01,59.437350000000002
1999-02-01,58.881680000000003
1999-03-01,58.918130000000005
1999-04-01,60.104160000000000
1999-05-01,61.029680000000006
1999-06-01,60.844749999999998
1999-07-01,60.732729999999997
1999-08-01,61.252839999999999
1999-09-01,62.661140000000003
1999-10-01,65.661769999999990
1999-11-01,66.921590000000009
1999-12-01,66.180090000000007
2000-01-01,65.223450000000000
2000-02-01,65.697330000000008
2000-03-01,65.628869999999992
2000-04-01,64.747799999999998
2000-05-01,64.409059999999997
2000-06-01,67.325230000000005
2000-07-01,67.256769999999989
2000-08-01,68.612600000000000
2000-09-01,69.969340000000003
2000-10-01,70.986429999999999
2000-11-01,71.255830000000003
2000-12-01,72.477419999999995
2001-01-01,72.477419999999995
2001-02-01,73.019750000000002
2001-03-01,73.087319999999977
2001-04-01,73.359380000000002
2001-05-01,73.426059999999978
2001-06-01,73.561199999999999
2001-07-01,73.629649999999998
2001-08-01,72.681019999999990
2001-09-01,72.273820000000001
2001-10-01,72.205359999999999
2001-11-01,71.325170000000000
2001-12-01,69.697280000000006
2002-01-01,69.832419999999999
2002-02-01,68.341440000000006
2002-03-01,68.612600000000000
2002-04-01,69.899990000000003
2002-05-01,70.781949999999995
2002-06-01,70.781949999999995
2002-07-01,70.036900000000003
2002-08-01,69.764849999999996
2002-09-01,69.697280000000006
2002-10-01,71.325170000000000
2002-11-01,72.002650000000003
2002-12-01,71.866619999999998
2003-01-01,72.544100000000000
2003-02-01,73.899929999999998
2003-03-01,74.781899999999993
2003-04-01,73.359380000000002
2003-05-01,73.019750000000002
2003-06-01,72.408959999999993
2003-07-01,72.408959999999993
2003-08-01,72.205359999999999
2003-09-01,72.070219999999978
2003-10-01,71.596339999999998
2003-11-01,72.544100000000000
2003-12-01,73.290920000000000
2004-01-01,74.308019999999999
2004-02-01,75.663860000000000
2004-03-01,76.002600000000001
2004-04-01,75.460269999999994
2004-05-01,76.002600000000001
2004-06-01,76.002600000000001
2004-07-01,76.477360000000004
2004-08-01,77.494469999999978
2004-09-01,77.562030000000021
2004-10-01,78.985439999999997
2004-11-01,78.715159999999997
2004-12-01,78.240399999999994
2005-01-01,78.259959999999978
2005-02-01,78.098150000000004
2005-03-01,79.395309999999995
2005-04-01,79.315290000000005
2005-05-01,79.639809999999997
2005-06-01,79.477099999999993
2005-07-01,81.424180000000007
2005-08-01,82.315030000000021
2005-09-01,83.855800000000002
2005-10-01,83.855800000000002
2005-11-01,83.936709999999991
2005-12-01,83.613080000000011
2006-01-01,85.072940000000003
2006-02-01,85.559269999999998
2006-03-01,85.640169999999998
2006-04-01,86.289199999999994
2006-05-01,86.938220000000001
2006-06-01,87.019130000000004
2006-07-01,88.722600000000000
2006-08-01,88.966200000000001
2006-09-01,89.533430000000010
2006-10-01,87.506349999999998
2006-11-01,85.315669999999997
2006-12-01,85.153850000000006
2007-01-01,84.666640000000001
2007-02-01,84.585729999999998
2007-03-01,85.479259999999996
2007-04-01,87.100040000000007
2007-05-01,88.559899999999999
2007-06-01,88.966200000000001
2007-07-01,89.695239999999998
2007-08-01,89.533430000000010
2007-09-01,90.749690000000001
2007-10-01,91.478729999999999
2007-11-01,94.318439999999995
2007-12-01,95.859210000000004
2008-01-01,96.182829999999996
2008-02-01,96.021019999999993
2008-03-01,97.075460000000007
2008-04-01,99.265249999999995
2008-05-01,103.805800000000005
2008-06-01,108.835300000000004
2008-07-01,110.133300000000006
2008-08-01,105.914599999999993
2008-09-01,102.753100000000003
2008-10-01,101.778700000000001
2008-11-01,96.670040000000000
2008-12-01,91.236019999999996
2009-01-01,89.047110000000004
2009-02-01,92.210440000000006
2009-03-01,93.669409999999999
2009-04-01,94.562039999999996
2009-05-01,93.263990000000007
2009-06-01,95.211070000000007
2009-07-01,96.912760000000006
2009-08-01,98.291719999999998
2009-09-01,98.698020000000000
2009-10-01,96.912760000000006
2009-11-01,98.698020000000000
2009-12-01,98.858949999999993
2010-01-01,99.996070000000003
2010-02-01,99.791589999999999
2010-03-01,100.910899999999998
2010-04-01,101.725300000000004
2010-05-01,101.928899999999999
2010-06-01,101.521699999999996
2010-07-01,101.928899999999999
2010-08-01,101.826700000000002
2010-09-01,102.233900000000006
2010-10-01,102.641099999999994
2010-11-01,102.030299999999997
2010-12-01,103.963099999999997
2011-01-01,107.320300000000003
2011-02-01,108.235100000000003
2011-03-01,110.677400000000006
2011-04-01,110.982399999999998
2011-05-01,111.388700000000000
2011-06-01,110.880099999999999
2011-07-01,111.898099999999999
2011-08-01,112.813000000000002
2011-09-01,112.915199999999999
2011-10-01,114.848100000000002
2011-11-01,114.745800000000003
2011-12-01,114.135900000000007
2012-01-01,114.420400000000001
2012-02-01,115.865200000000002
2012-03-01,117.278800000000004
2012-04-01,118.000699999999995
2012-05-01,117.725999999999999
2012-06-01,116.099000000000004
2012-07-01,114.502200000000002
2012-08-01,116.201200000000000
2012-09-01,118.000699999999995
2012-10-01,118.000699999999995
2012-11-01,116.566699999999997
2012-12-01,116.067899999999995
2013-01-01,116.241299999999995
2013-02-01,116.861800000000002
2013-03-01,118.764499999999998
2013-04-01,117.624700000000004
2013-05-01,115.906099999999995
2013-06-01,115.834100000000007
2013-07-01,116.861800000000002
2013-08-01,117.706500000000005
2013-09-01,117.330399999999997
2013-10-01,116.516000000000005
2013-11-01,116.506200000000007
2013-12-01,116.618200000000002
2014-01-01,118.774199999999993
2014-02-01,118.600899999999996
2014-03-01,118.632000000000005
2014-04-01,118.245199999999997
2014-05-01,118.000699999999995
2014-06-01,117.442400000000006
2014-07-01,117.065399999999997
2014-08-01,116.587100000000007
2014-09-01,115.560199999999995
2014-10-01,114.512000000000000
2014-11-01,112.915199999999999
2014-12-01,110.697000000000003
2015-01-01,103.970200000000006
2015-02-01,101.129599999999996
2015-03-01,101.310100000000006
2015-04-01,101.289699999999996
2015-05-01,100.490399999999994
2015-06-01,101.550200000000004
2015-07-01,99.810260000000000
2015-08-01,98.650019999999998
2015-09-01,98.030330000000006
2015-10-01,98.749589999999998
2015-11-01,97.979650000000007
2015-12-01,97.039900000000003
2016-01-01,93.470259999999996
2016-02-01,91.989949999999993
2016-03-01,89.760149999999996
2016-04-01,90.200239999999994
2016-05-01,90.379840000000002
2016-06-01,92.569630000000004
2016-07-01,88.380300000000005
2016-08-01,87.460110000000000
2016-09-01,87.210280000000012
2016-10-01,91.549859999999995
2016-11-01,93.180419999999998
2016-12-01,91.519630000000006
2017-01-01,93.449809999999999
2017-02-01,94.129949999999994
2017-03-01,94.619829999999993
2017-04-01,93.830340000000007
2017-05-01,93.910349999999994
2017-06-01,93.190200000000004
2017-07-01,92.090419999999995
2017-08-01,92.679869999999994
2017-09-01,93.680080000000004
2017-10-01,94.819879999999998
2017-11-01,93.950360000000003
2017-12-01,94.629620000000003
2018-01-01,94.970129999999997
2018-02-01,95.480459999999994
2018-03-01,95.090159999999997
2018-04-01,94.619829999999993
2018-05-01,95.490240000000000
2018-06-01,96.750060000000005
2018-07-01,93.849900000000005
2018-08-01,94.249979999999994
2018-09-01,98.329949999999997
2018-10-01,100.180099999999996
2018-11-01,98.129909999999995
2018-12-01,93.710310000000007
2019-01-01,90.230469999999997
2019-02-01,89.830380000000005
2019-03-01,90.440290000000005
2019-04-01,92.199780000000004
2019-05-01,95.179950000000005
2019-06-01,95.570260000000005
2019-07-01,91.420050000000003
2019-08-01,91.450280000000006
2019-09-01,95.810310000000001
2019-10-01,96.279740000000004
2019-11-01,96.109920000000002
2019-12-01,96.439769999999996
2020-01-01,97.353740000000002
2020-02-01,96.891430000000000
2020-03-01,94.499809999999997
2020-04-01,89.307609999999997
2020-05-01,85.449019999999990
2020-06-01,87.609470000000002
2020-07-01,84.150970000000001
2020-08-01,84.222099999999998
2020-09-01,87.324969999999993
2020-10-01,86.595930000000010
2020-11-01,85.973579999999998
2020-12-01,87.520569999999978
2021-01-01,89.938850000000002
2021-02-01,90.961290000000005
2021-03-01,92.846130000000002
2021-04-01,93.681860000000000
2021-05-01,93.815219999999997
2021-06-01,94.882109999999997
2021-07-01,93.984150000000000
2021-08-01,94.953239999999994
2021-09-01,98.198359999999994
2021-10-01,100.438800000000001
2021-11-01,103.648399999999995
2021-12-01,100.314400000000006
2022-01-01,99.958730000000003
2022-02-01,102.697100000000006
2022-03-01,111.338899999999995
2022-04-01,115.926500000000004
2022-05-01,117.438000000000002
2022-06-01,121.581000000000003
2022-07-01,120.763099999999994
2022-08-01,112.752499999999998
2022-09-01,114.308400000000006
2022-10-01,117.117900000000006
2022-11-01,117.322400000000002
2022-12-01,114.601799999999997
2023-01-01,115.206400000000002
2023-02-01,114.432900000000004
2023-03-01,113.703800000000001
2023-04-01,114.592900000000000
2023-05-01,115.028599999999997
2023-06-01,113.935000000000002
2023-07-01,110.414299999999997
2023-08-01,115.250799999999998
2023-09-01,121.189800000000005
2023-10-01,122.043400000000005
2023-11-01,119.625100000000003
2023-12-01,116.593299999999999
2024-01-01,115.046300000000002
2024-02-01,116.531099999999995
2024-03-01,117.438000000000002
2024-04-01,118.415899999999993
2024-05-01,118.629300000000001
2024-06-01,116.788899999999998
2024-07-01,115.615300000000005
2024-08-01,117.020099999999999
2024-09-01,117.829099999999997
2024-10-01,116.451099999999997
2024-11-01,117.909199999999998
2024-12-01,118.896000000000001
2025-01-01,121.047600000000003
2025-02-01,122.016700000000000
2025-03-01,120.807500000000005
2025-04-01,119.047200000000004
