observation_date,LREM64TTKRM156S
1999-06-01,59.58448
1999-07-01,59.52436
1999-08-01,60.02372
1999-09-01,60.67013
1999-10-01,60.80420
1999-11-01,60.93732
1999-12-01,60.99590
2000-01-01,60.93717
2000-02-01,61.07536
2000-03-01,61.18773
2000-04-01,61.18758
2000-05-01,61.40712
2000-06-01,61.50725
2000-07-01,61.88668
2000-08-01,61.86166
2000-09-01,61.73449
2000-10-01,61.95683
2000-11-01,61.79810
2000-12-01,61.62567
2001-01-01,61.20704
2001-02-01,61.16526
2001-03-01,61.40998
2001-04-01,62.25160
2001-05-01,62.43293
2001-06-01,62.39175
2001-07-01,62.44339
2001-08-01,62.49546
2001-09-01,62.59642
2001-10-01,62.59080
2001-11-01,62.75495
2001-12-01,62.72866
2002-01-01,63.00446
2002-02-01,63.27553
2002-03-01,63.19903
2002-04-01,63.53162
2002-05-01,63.41243
2002-06-01,63.52726
2002-07-01,63.52534
2002-08-01,63.50711
2002-09-01,63.64410
2002-10-01,63.49480
2002-11-01,63.31942
2002-12-01,63.43479
2003-01-01,63.20341
2003-02-01,63.11635
2003-03-01,63.07627
2003-04-01,62.93792
2003-05-01,62.93933
2003-06-01,62.89524
2003-07-01,63.09864
2003-08-01,62.99763
2003-09-01,62.82640
2003-10-01,62.96108
2003-11-01,63.04705
2003-12-01,63.32533
2004-01-01,63.83061
2004-02-01,64.01632
2004-03-01,63.92857
2004-04-01,63.80474
2004-05-01,63.57370
2004-06-01,63.74512
2004-07-01,63.60924
2004-08-01,63.34622
2004-09-01,63.90785
2004-10-01,63.82113
2004-11-01,63.70632
2004-12-01,63.92112
2005-01-01,63.69880
2005-02-01,63.69571
2005-03-01,63.86799
2005-04-01,63.72917
2005-05-01,63.81775
2005-06-01,63.71021
2005-07-01,63.72551
2005-08-01,63.72046
2005-09-01,63.63462
2005-10-01,63.72721
2005-11-01,63.89273
2005-12-01,63.75927
2006-01-01,64.04297
2006-02-01,63.95246
2006-03-01,64.02854
2006-04-01,64.03474
2006-05-01,64.05116
2006-06-01,63.95810
2006-07-01,63.92503
2006-08-01,63.92649
2006-09-01,63.90778
2006-10-01,63.87024
2006-11-01,63.97981
2006-12-01,64.01359
2007-01-01,64.12218
2007-02-01,64.08727
2007-03-01,64.23741
2007-04-01,64.15972
2007-05-01,64.11478
2007-06-01,64.12868
2007-07-01,64.16370
2007-08-01,64.09144
2007-09-01,64.09901
2007-10-01,64.15484
2007-11-01,64.25227
2007-12-01,64.14220
2008-01-01,64.20311
2008-02-01,64.09465
2008-03-01,64.15728
2008-04-01,64.16799
2008-05-01,64.11547
2008-06-01,64.10058
2008-07-01,64.01017
2008-08-01,63.94464
2008-09-01,63.75255
2008-10-01,63.76089
2008-11-01,63.69347
2008-12-01,63.47984
2009-01-01,63.26453
2009-02-01,63.10042
2009-03-01,62.91982
2009-04-01,62.95666
2009-05-01,62.78513
2009-06-01,63.12587
2009-07-01,62.86599
2009-08-01,62.96612
2009-09-01,63.11154
2009-10-01,63.00479
2009-11-01,63.08308
2009-12-01,63.03133
2010-01-01,63.02979
2010-02-01,63.05493
2010-03-01,63.18530
2010-04-01,63.36834
2010-05-01,63.64249
2010-06-01,63.42629
2010-07-01,63.59551
2010-08-01,63.48799
2010-09-01,63.32486
2010-10-01,63.40078
2010-11-01,63.50954
2010-12-01,63.63948
2011-01-01,63.38451
2011-02-01,63.69113
2011-03-01,63.81677
2011-04-01,63.83805
2011-05-01,64.03874
2011-06-01,64.11096
2011-07-01,63.98724
2011-08-01,64.12594
2011-09-01,63.49946
2011-10-01,64.14401
2011-11-01,64.12438
2011-12-01,64.22921
2012-01-01,64.10896
2012-02-01,64.23608
2012-03-01,64.35572
2012-04-01,64.34618
2012-05-01,64.55314
2012-06-01,64.45264
2012-07-01,64.42451
2012-08-01,64.33862
2012-09-01,64.44499
2012-10-01,64.43061
2012-11-01,64.30080
2012-12-01,64.13596
2013-01-01,64.16457
2013-02-01,63.93634
2013-03-01,64.16699
2013-04-01,64.46880
2013-05-01,64.52917
2013-06-01,64.64238
2013-07-01,64.65271
2013-08-01,64.75208
2013-09-01,64.94926
2013-10-01,65.02881
2013-11-01,65.10950
2013-12-01,65.13301
2014-01-01,65.45873
2014-02-01,65.57892
2014-03-01,65.38879
2014-04-01,65.59917
2014-05-01,65.30849
2014-06-01,65.37157
2014-07-01,65.62968
2014-08-01,65.79070
2014-09-01,65.68259
2014-10-01,65.61320
2014-11-01,65.68819
2014-12-01,65.69113
2015-01-01,65.87551
2015-02-01,65.95789
2015-03-01,65.73207
2015-04-01,65.77854
2015-05-01,65.79249
2015-06-01,65.73539
2015-07-01,65.92505
2015-08-01,65.88518
2015-09-01,66.03447
2015-10-01,66.05656
2015-11-01,65.99970
2015-12-01,66.15013
2016-01-01,66.05726
2016-02-01,65.94175
2016-03-01,65.78598
2016-04-01,65.79021
2016-05-01,65.89244
2016-06-01,66.03003
2016-07-01,66.13541
2016-08-01,66.25719
2016-09-01,66.16323
2016-10-01,66.19481
2016-11-01,66.26156
2016-12-01,66.40121
2017-01-01,66.27144
2017-02-01,66.54056
2017-03-01,66.67830
2017-04-01,66.67767
2017-05-01,66.63042
2017-06-01,66.62612
2017-07-01,66.74291
2017-08-01,66.62941
2017-09-01,66.72680
2017-10-01,66.67134
2017-11-01,66.64128
2017-12-01,66.71470
2018-01-01,66.90530
2018-02-01,66.63118
2018-03-01,66.70592
2018-04-01,66.74364
2018-05-01,66.59021
2018-06-01,66.60880
2018-07-01,66.51080
2018-08-01,66.31430
2018-09-01,66.55212
2018-10-01,66.53761
2018-11-01,66.65958
2018-12-01,66.59676
2019-01-01,66.64895
2019-02-01,66.63797
2019-03-01,66.76727
2019-04-01,66.70349
2019-05-01,66.71249
2019-06-01,66.73651
2019-07-01,66.70847
2019-08-01,66.89687
2019-09-01,66.89964
2019-10-01,67.01446
2019-11-01,66.93282
2019-12-01,67.21307
2020-01-01,67.36794
2020-02-01,67.02702
2020-03-01,65.89881
2020-04-01,65.31065
2020-05-01,65.39693
2020-06-01,65.51656
2020-07-01,65.61805
2020-08-01,65.78282
2020-09-01,65.47475
2020-10-01,65.57336
2020-11-01,65.87372
2020-12-01,65.47743
2021-01-01,65.12605
2021-02-01,65.62488
2021-03-01,66.15189
2021-04-01,66.31356
2021-05-01,66.36931
2021-06-01,66.55737
2021-07-01,66.66889
2021-08-01,66.75741
2021-09-01,66.96911
2021-10-01,67.02470
2021-11-01,67.21352
2021-12-01,67.53969
2022-01-01,67.79002
2022-02-01,68.12232
2022-03-01,68.24169
2022-04-01,68.40194
2022-05-01,68.62691
2022-06-01,68.59301
2022-07-01,68.69352
2022-08-01,68.75289
2022-09-01,68.69788
2022-10-01,68.72413
2022-11-01,68.71575
2022-12-01,68.78284
2023-01-01,68.69375
2023-02-01,68.75880
2023-03-01,69.05016
2023-04-01,69.03982
2023-05-01,69.33569
2023-06-01,69.38778
2023-07-01,69.23608
2023-08-01,69.45885
2023-09-01,69.37033
2023-10-01,69.54144
2023-11-01,69.39169
2023-12-01,69.47399
2024-01-01,69.51276
2024-02-01,69.50105
2024-03-01,69.49612
2024-04-01,69.57865
2024-05-01,69.40919
2024-06-01,69.42857
2024-07-01,69.40739
2024-08-01,69.69543
2024-09-01,69.60746
2024-10-01,69.62734
2024-11-01,69.62873
2024-12-01,69.62247
2025-01-01,69.66251
2025-02-01,69.67568
2025-03-01,69.72582
2025-04-01,69.88809
2025-05-01,69.90689
2025-06-01,69.83794
2025-07-01,69.89189
2025-08-01,69.79493
2025-09-01,70.09859
2025-10-01,69.87180
2025-11-01,69.91655
2025-12-01,69.89906
2026-01-01,70.00306
2026-02-01,69.96981
2026-03-01,70.04774
2026-04-01,69.96933
