observation_date,LRUN64TTKRM156S
1999-06-01,7.390704
1999-07-01,7.175254
1999-08-01,6.713389
1999-09-01,5.934348
1999-10-01,5.720079
1999-11-01,5.450550
1999-12-01,5.387735
2000-01-01,5.276072
2000-02-01,5.032017
2000-03-01,4.786979
2000-04-01,4.587460
2000-05-01,4.501528
2000-06-01,4.317962
2000-07-01,4.292787
2000-08-01,4.405895
2000-09-01,4.630770
2000-10-01,4.317222
2000-11-01,4.441700
2000-12-01,4.565185
2001-01-01,4.667902
2001-02-01,4.865332
2001-03-01,4.828325
2001-04-01,4.218593
2001-05-01,4.055485
2001-06-01,3.993756
2001-07-01,3.941436
2001-08-01,3.954094
2001-09-01,3.825304
2001-10-01,3.860177
2001-11-01,3.895713
2001-12-01,3.892922
2002-01-01,3.861613
2002-02-01,3.640570
2002-03-01,3.577555
2002-04-01,3.486651
2002-05-01,3.451074
2002-06-01,3.264879
2002-07-01,3.287030
2002-08-01,3.443031
2002-09-01,3.139432
2002-10-01,3.253908
2002-11-01,3.270763
2002-12-01,3.260623
2003-01-01,3.502057
2003-02-01,3.471757
2003-03-01,3.521852
2003-04-01,3.542430
2003-05-01,3.691282
2003-06-01,3.767192
2003-07-01,3.784303
2003-08-01,3.768145
2003-09-01,3.800797
2003-10-01,3.887105
2003-11-01,4.020918
2003-12-01,3.930671
2004-01-01,3.741630
2004-02-01,3.744290
2004-03-01,3.779918
2004-04-01,3.755376
2004-05-01,3.814974
2004-06-01,3.691692
2004-07-01,3.876587
2004-08-01,3.902780
2004-09-01,3.793526
2004-10-01,3.837474
2004-11-01,3.931267
2004-12-01,4.027543
2005-01-01,4.070792
2005-02-01,3.912958
2005-03-01,3.879500
2005-04-01,3.903750
2005-05-01,3.871070
2005-06-01,3.957441
2005-07-01,3.911592
2005-08-01,3.815960
2005-09-01,4.106788
2005-10-01,4.081892
2005-11-01,3.732334
2005-12-01,3.734614
2006-01-01,3.614124
2006-02-01,3.748744
2006-03-01,3.736409
2006-04-01,3.618545
2006-05-01,3.528957
2006-06-01,3.638466
2006-07-01,3.621159
2006-08-01,3.669336
2006-09-01,3.639781
2006-10-01,3.736085
2006-11-01,3.668395
2006-12-01,3.558815
2007-01-01,3.553849
2007-02-01,3.375002
2007-03-01,3.351347
2007-04-01,3.434777
2007-05-01,3.471809
2007-06-01,3.425067
2007-07-01,3.444255
2007-08-01,3.413063
2007-09-01,3.386461
2007-10-01,3.386309
2007-11-01,3.438147
2007-12-01,3.291749
2008-01-01,3.208162
2008-02-01,3.163228
2008-03-01,3.182709
2008-04-01,3.240108
2008-05-01,3.306357
2008-06-01,3.274698
2008-07-01,3.263955
2008-08-01,3.367364
2008-09-01,3.349302
2008-10-01,3.423903
2008-11-01,3.518816
2008-12-01,3.540284
2009-01-01,3.537184
2009-02-01,3.551861
2009-03-01,3.766373
2009-04-01,3.825901
2009-05-01,4.048791
2009-06-01,4.053088
2009-07-01,3.907668
2009-08-01,3.957734
2009-09-01,3.758206
2009-10-01,3.690542
2009-11-01,3.860682
2009-12-01,3.728033
2010-01-01,4.523501
2010-02-01,4.114362
2010-03-01,3.786509
2010-04-01,3.707722
2010-05-01,3.405961
2010-06-01,3.631643
2010-07-01,3.802946
2010-08-01,3.627553
2010-09-01,3.873907
2010-10-01,3.810363
2010-11-01,3.464603
2010-12-01,3.747479
2011-01-01,3.700329
2011-02-01,3.683357
2011-03-01,3.843131
2011-04-01,3.613816
2011-05-01,3.409374
2011-06-01,3.408855
2011-07-01,3.425834
2011-08-01,3.293965
2011-09-01,3.383146
2011-10-01,3.328621
2011-11-01,3.368647
2011-12-01,3.296077
2012-01-01,3.339003
2012-02-01,3.366377
2012-03-01,3.340777
2012-04-01,3.369150
2012-05-01,3.293507
2012-06-01,3.288587
2012-07-01,3.198827
2012-08-01,3.228692
2012-09-01,3.297638
2012-10-01,3.210947
2012-11-01,3.283168
2012-12-01,3.217281
2013-01-01,3.258309
2013-02-01,3.282922
2013-03-01,3.176282
2013-04-01,3.093066
2013-05-01,3.195003
2013-06-01,3.173715
2013-07-01,3.311466
2013-08-01,3.291073
2013-09-01,3.146193
2013-10-01,3.200900
2013-11-01,3.178171
2013-12-01,3.314020
2014-01-01,3.304164
2014-02-01,3.613612
2014-03-01,3.513024
2014-04-01,3.704628
2014-05-01,3.668393
2014-06-01,3.627488
2014-07-01,3.564078
2014-08-01,3.634912
2014-09-01,3.589556
2014-10-01,3.700219
2014-11-01,3.669589
2014-12-01,3.758384
2015-01-01,3.625723
2015-02-01,3.696372
2015-03-01,3.624257
2015-04-01,3.677072
2015-05-01,3.814635
2015-06-01,3.880551
2015-07-01,3.805642
2015-08-01,3.741285
2015-09-01,3.593849
2015-10-01,3.553522
2015-11-01,3.648534
2015-12-01,3.643662
2016-01-01,3.655972
2016-02-01,3.972199
2016-03-01,3.924028
2016-04-01,3.751597
2016-05-01,3.706655
2016-06-01,3.689568
2016-07-01,3.705843
2016-08-01,3.926127
2016-09-01,4.007874
2016-10-01,3.877366
2016-11-01,3.720096
2016-12-01,3.623356
2017-01-01,3.627347
2017-02-01,3.917709
2017-03-01,3.757974
2017-04-01,3.975739
2017-05-01,3.575058
2017-06-01,3.785868
2017-07-01,3.597572
2017-08-01,3.966262
2017-09-01,3.771419
2017-10-01,3.700797
2017-11-01,3.738283
2017-12-01,3.758422
2018-01-01,3.573873
2018-02-01,3.526683
2018-03-01,4.058901
2018-04-01,3.902311
2018-05-01,3.977103
2018-06-01,3.679880
2018-07-01,3.905156
2018-08-01,4.587317
2018-09-01,4.142549
2018-10-01,4.034025
2018-11-01,3.893156
2018-12-01,3.909474
2019-01-01,3.947044
2019-02-01,3.866969
2019-03-01,3.966936
2019-04-01,4.193875
2019-05-01,3.960052
2019-06-01,3.960727
2019-07-01,4.076138
2019-08-01,3.557407
2019-09-01,3.600976
2019-10-01,3.585465
2019-11-01,3.693084
2019-12-01,3.538942
2020-01-01,3.482071
2020-02-01,3.536342
2020-03-01,3.765595
2020-04-01,3.843434
2020-05-01,4.300660
2020-06-01,4.237616
2020-07-01,4.174222
2020-08-01,3.727177
2020-09-01,4.187173
2020-10-01,4.312555
2020-11-01,4.178605
2020-12-01,4.170666
2021-01-01,4.543731
2021-02-01,4.232801
2021-03-01,4.031609
2021-04-01,3.864598
2021-05-01,3.897366
2021-06-01,3.774277
2021-07-01,3.417392
2021-08-01,3.328910
2021-09-01,3.173053
2021-10-01,3.270066
2021-11-01,3.147175
2021-12-01,3.042927
2022-01-01,3.011491
2022-02-01,2.820118
2022-03-01,2.794220
2022-04-01,2.876093
2022-05-01,2.949975
2022-06-01,2.956561
2022-07-01,2.995190
2022-08-01,2.746500
2022-09-01,2.931293
2022-10-01,2.850735
2022-11-01,2.813571
2022-12-01,2.639616
2023-01-01,2.768659
2023-02-01,2.732407
2023-03-01,2.693835
2023-04-01,2.614255
2023-05-01,2.556309
2023-06-01,2.647037
2023-07-01,2.855708
2023-08-01,2.560564
2023-09-01,2.748509
2023-10-01,2.557428
2023-11-01,2.818337
2023-12-01,2.770441
2024-01-01,2.823360
2024-02-01,2.728328
2024-03-01,2.802709
2024-04-01,2.863680
2024-05-01,2.892723
2024-06-01,2.845222
2024-07-01,2.684601
2024-08-01,2.543180
2024-09-01,2.594715
2024-10-01,2.793175
2024-11-01,2.734540
2024-12-01,2.806714
2025-01-01,2.721132
2025-02-01,2.758861
2025-03-01,2.863832
2025-04-01,2.812490
2025-05-01,2.769444
2025-06-01,2.747293
2025-07-01,2.636046
2025-08-01,2.751921
2025-09-01,2.691995
2025-10-01,2.738798
2025-11-01,2.782316
2025-12-01,2.991545
2026-01-01,2.866069
2026-02-01,2.914230
2026-03-01,2.760774
2026-04-01,2.716726
