global_rank,sleeve_rank,score,recommendation_band,sleeve,sleeve_label,role,symbol,label,provider,asset_class,region,currency_exposure,hedged,core_rank,score_drivers,risk_tags,regime_fit,notes,source_url
1,1,94.0,High fit,duration,Duration Bonds,us_30y_active_hedged,453850.KS,ACE 미국30년국채액티브(H),ACE,bond,United States,hedged,yes,1,core list rank (+20); current sleeve budget (+4); posture match (+8); defensive/watch fit (+10); hedged exposure (+4),duration; rates; hedged; defensive,Growth slowdown; Defensive; Watch,Hedged long US Treasury bond sleeve,https://www.aceetf.co.kr/fund/K55101E03860
2,1,92.4,High fit,equity,Equity ETFs,us_dividend_quality,458730.KS,TIGER 미국배당다우존스,TIGER,equity,United States,USD unhedged,no,2,core list rank (+16); current sleeve budget (+10); posture match (+8); defensive/watch fit (+10),equity; dividend; quality; defensive; usd; unhedged,Defensive; Watch; Balanced,Unhedged US dividend quality ETF,https://investments.miraeasset.com/tigeretf/ko/product/search/detail/index.do?ksdFund=KR7458730009
3,1,90.0,High fit,cash,Cash / Short Bonds,cash_anchor,153130.KS,KODEX 단기채권,KODEX,bond,Korea,KRW,no,1,core list rank (+20); current sleeve budget (+4); posture match (+8); defensive/watch fit (+10),defensive; cash; low_vol; short_duration,Defensive; Watch; Data constrained; Balanced,Short KRW bond/cash parking sleeve,https://www.samsungfund.com/etf/product/view.do?id=2ETF35
4,2,86.0,High fit,duration,Duration Bonds,us_10y_futures,305080.KS,TIGER 미국채10년선물,TIGER,bond,United States,USD rates,no,2,core list rank (+16); current sleeve budget (+4); posture match (+8); defensive/watch fit (+10),duration; rates; usd; futures,Growth slowdown; Defensive; Watch,US 10-year Treasury futures exposure,https://investments.miraeasset.com/tigeretf/ko/product/search/detail/index.do?ksdFund=KR7305080004
5,2,86.0,High fit,cash,Cash / Short Bonds,aggregate_bond,273130.KS,KODEX 종합채권(AA-이상)액티브,KODEX,bond,Korea,KRW,no,2,core list rank (+16); current sleeve budget (+4); posture match (+8); defensive/watch fit (+10),defensive; bond; quality; duration,Defensive; Watch; Balanced,Korea aggregate bond AA- or above active ETF,https://www.samsungfund.com/etf/product/view.do?id=2ETF88
6,1,82.4,High fit,gold,Gold,spot_gold,411060.KS,ACE KRX금현물,ACE,commodity,Korea,KRW gold,no,1,core list rank (+20); current sleeve budget (+6); posture match (+8),gold; inflation; fx; safe_haven,Inflation/FX hedge; Watch; Balanced,KRX gold spot ETF for the gold hedge sleeve,https://www.aceetf.co.kr/fund/K55101DN7441
7,2,79.4,High fit,gold,Gold,gold_futures_hedged,132030.KS,KODEX 골드선물(H),KODEX,commodity,Global,hedged,yes,2,core list rank (+16); current sleeve budget (+6); posture match (+8); hedged exposure (+4); futures complexity (-3),gold; inflation; safe_haven; hedged; futures,Inflation/FX hedge; Defensive; Watch,Hedged gold futures ETF with longer listed history,https://www.samsungfund.com/etf/product/view.do?id=2ETF24
8,2,79.4,High fit,equity,Equity ETFs,us_sp500_hedged_futures,219480.KS,KODEX 미국S&P500선물(H),KODEX,equity,United States,hedged,yes,3,core list rank (+12); current sleeve budget (+10); posture match (+8); hedged exposure (+4); futures complexity (-3),equity; core; hedged; futures,Watch; Defensive,Hedged US S&P 500 futures ETF,https://www.samsungfund.com/etf/product/view.do?id=2ETF50
9,3,78.4,High fit,equity,Equity ETFs,us_sp500_core,360750.KS,TIGER 미국S&P500,TIGER,equity,United States,USD unhedged,no,1,core list rank (+20); current sleeve budget (+10),equity; core; usd; unhedged,Balanced; Inflation/FX hedge,Unhedged US S&P 500 core equity sleeve,https://investments.miraeasset.com/tigeretf/ko/product/search/detail/index.do?ksdFund=KR7360750004
10,4,78.4,High fit,equity,Equity ETFs,us_nasdaq100_core,133690.KS,TIGER 미국나스닥100,TIGER,equity,United States,USD unhedged,no,1,core list rank (+20); current sleeve budget (+10),equity; growth; tech; usd; unhedged,Balanced; Growth,Unhedged NASDAQ 100 core growth ETF,https://investments.miraeasset.com/tigeretf/ko/product/search/detail/index.do?ksdFund=KR7133690008
11,3,78.0,High fit,duration,Duration Bonds,us_30y_ultra_futures_hedged,304660.KS,KODEX 미국30년국채울트라선물(H),KODEX,bond,United States,hedged,yes,3,core list rank (+12); current sleeve budget (+4); posture match (+8); defensive/watch fit (+10); hedged exposure (+4),duration; rates; hedged; futures; high_vol,Growth slowdown; Watch,Hedged ultra-long US Treasury futures sleeve,https://www.samsungfund.com/etf/product/view.do?id=2ETFAA
12,5,74.4,Good fit,equity,Equity ETFs,us_nasdaq100_core_alt,379810.KS,KODEX 미국나스닥100,KODEX,equity,United States,USD unhedged,no,2,core list rank (+16); current sleeve budget (+10),equity; growth; tech; usd; unhedged,Balanced; Growth,Alternate unhedged NASDAQ 100 ETF,https://www.samsungfund.com/etf/product/view.do?id=2ETFE3
13,6,74.4,Good fit,equity,Equity ETFs,us_sp500_core_alt,379800.KS,KODEX 미국S&P500,KODEX,equity,United States,USD unhedged,no,2,core list rank (+16); current sleeve budget (+10),equity; core; usd; unhedged,Balanced; Inflation/FX hedge,Alternate unhedged US S&P 500 core ETF,https://www.samsungfund.com/etf/product/view.do?id=2ETFE4
14,7,70.4,Good fit,equity,Equity ETFs,us_tech_top10_hedged,472160.KS,TIGER 미국테크TOP10INDXX(H),TIGER,equity,United States,hedged,yes,4,core list rank (+8); current sleeve budget (+10); posture match (+8); hedged exposure (+4); watchlist risk penalty (-8),equity; growth; tech; hedged; high_beta,Growth; Watch,Hedged US tech top 10 ETF,https://investments.miraeasset.com/tigeretf/ko/product/search/detail/index.do?ksdFund=KR7472160001
15,8,66.4,Good fit,equity,Equity ETFs,korea_200_core,069500.KS,KODEX 200,KODEX,equity,Korea,KRW,no,2,core list rank (+16); current sleeve budget (+10); watchlist risk penalty (-8),equity; korea; core; cyclical,Balanced; Korea recovery,KOSPI 200 domestic equity core ETF,https://www.samsungfund.com/etf/product/view.do?id=2ETF01
16,1,64.2,Good fit,silver,Silver / Resources,silver_futures_hedged,144600.KS,KODEX 은선물(H),KODEX,commodity,Global,hedged,yes,1,core list rank (+20); current sleeve budget (+3); hedged exposure (+4); watchlist risk penalty (-8); futures complexity (-3),silver; commodity; inflation; high_vol; futures,Inflation/FX hedge; Balanced,Hedged silver futures ETF for the resources sleeve,https://www.samsungfund.com/etf/product/view.do?id=2ETF32
17,9,62.4,Watchlist,equity,Equity ETFs,us_tech_top10,381170.KS,TIGER 미국테크TOP10 INDXX,TIGER,equity,United States,USD unhedged,no,3,core list rank (+12); current sleeve budget (+10); watchlist risk penalty (-8),equity; growth; tech; high_beta; usd; unhedged,Growth; Balanced,Concentrated US mega-cap tech ETF,https://investments.miraeasset.com/tigeretf/ko/product/search/detail/index.do?ksdFund=KR7381170000
18,10,62.4,Watchlist,equity,Equity ETFs,japan_nikkei225_core,241180.KS,TIGER 일본니케이225,TIGER,equity,Japan,JPY unhedged,no,3,core list rank (+12); current sleeve budget (+10); watchlist risk penalty (-8),equity; japan; nikkei225; core; cyclical; unhedged,Balanced; Global diversification; Risk-on,Japan Nikkei 225 equity exposure for regional diversification,https://investments.miraeasset.com/tigeretf/ko/product/search/detail/index.do?ksdFund=KR7241180009
19,2,60.2,Watchlist,silver,Silver / Resources,copper_futures_hedged,138910.KS,KODEX 구리선물(H),KODEX,commodity,Global,hedged,yes,2,core list rank (+16); current sleeve budget (+3); hedged exposure (+4); watchlist risk penalty (-8); futures complexity (-3),copper; commodity; growth; cyclical; futures; high_vol,Balanced; Growth recovery,Copper futures ETF for cyclical commodity confirmation,https://www.samsungfund.com/etf/product/view.do?id=2ETF28
20,11,54.4,Watchlist,equity,Equity ETFs,us_semiconductor,381180.KS,TIGER 미국필라델피아반도체나스닥,TIGER,equity,United States,USD unhedged,no,5,core list rank (+4); current sleeve budget (+10); watchlist risk penalty (-8),equity; semiconductor; growth; high_beta; usd; unhedged,Growth; Risk-on,US Philadelphia semiconductor NASDAQ ETF,https://investments.miraeasset.com/tigeretf/ko/product/search/detail/index.do?ksdFund=KR7381180009
